KOD_POCZTOWY,ADRES,MIEJSCOWOSC,WOJEWODZTWO,POWIAT
34513,Poczta Filia UP Czarny Dunajec,Chochołów,małopolskie,Powiat nowotarski
34514,Poczta Filia UP Kościelisko,Dzianisz,małopolskie,Powiat tatrzański
34520,Poczta Poronin,Poronin,małopolskie,Powiat tatrzański
34521,Poczta Ząb,Ząb,małopolskie,Powiat tatrzański
34530,Poczta Bukowina Tatrzańska,Bukowina Tatrzańska,małopolskie,Powiat tatrzański
34530,Skrytki Pocztowe Poczta Bukowina Tatrzańska,Bukowina Tatrzańska,małopolskie,Powiat tatrzański
34531,"Poczta Murzasichle, ul. Sądelska 55",Murzasichle,małopolskie,Powiat tatrzański
34532,Poczta Jurgów,Jurgów,małopolskie,Powiat tatrzański
34600,"Poczta Limanowa 001, ul. Księdza Łazarskiego 9",Limanowa,małopolskie,Powiat limanowski
34600,"Skrytki Pocztowe Poczta Limanowa 001, ul. Księdza Łazarskiego 9",Limanowa,małopolskie,Powiat limanowski
34601,"Poczta Limanowa 004, ul. Piłsudskiego 84 C",Limanowa,małopolskie,Powiat limanowski
34601,"Skrytki Pocztowe Poczta Limanowa 004, ul. Piłsudskiego 84 C",Limanowa,małopolskie,Powiat limanowski
34602,Poczta Laskowa,Laskowa,małopolskie,Powiat limanowski
34603,Poczta Ujanowice,Ujanowice,małopolskie,Powiat limanowski
34604,Poczta Przyszowa agencja pocztowa UP Łukowice koło Limanowe,Przyszowa,małopolskie,Powiat limanowski
34606,Poczta Łukowica koło Limanowej,Łukowica,małopolskie,Powiat limanowski
34607,Poczta Filia UP Kamienica,Szczawa,małopolskie,Powiat limanowski
34608,"Poczta Kamienica koło Łącka, ul. Kamienica 43",Kamienica,małopolskie,Powiat limanowski
34615,Poczta Słopnice Limanowskie,Słopnice,małopolskie,Powiat limanowski
34617,Poczta Wilkowisko,Wilkowisko,małopolskie,Powiat limanowski
34620,Poczta Jodłownik,Jodłownik,małopolskie,Powiat limanowski
34623,Poczta Filia UP Jodłownik,Szczyrzyc,małopolskie,Powiat limanowski
34625,Poczta Skrzydlna,Skrzydlna,małopolskie,Powiat limanowski
34642,Poczta Dobra koło Limanowej,Dobra,małopolskie,Powiat limanowski
34643,Poczta Jurków koło Limanowej,Jurków,małopolskie,Powiat limanowski
34650,Poczta Tymbark,Tymbark,małopolskie,Powiat limanowski
34651,"Poczta Filia UP Limanowa 001, ul. Łososińska 23",Limanowa,małopolskie,Powiat limanowski
34651,"Skrytki Pocztowe Poczta Filia UP Limanowa 001, ul. Łososińska 23",Limanowa,małopolskie,Powiat limanowski
34652,Poczta Nowe Rybie,Nowe Rybie,małopolskie,Powiat limanowski
34654,Poczta Męcina,Męcina,małopolskie,Powiat limanowski
34700,"Poczta Rabka-Zdrój 001, ul. Orkana 22",Rabka-Zdrój,małopolskie,Powiat nowotarski
34700,"Skrytki Pocztowe Poczta Rabka-Zdrój 001, ul. Orkana 22",Rabka-Zdrój,małopolskie,Powiat nowotarski
34713,Poczta Skawa,Skawa,małopolskie,Powiat nowotarski
34720,Poczta Chabówka,Chabówka,małopolskie,Powiat nowotarski
34721,Poczta Raba Wyżna,Raba Wyżna,małopolskie,Powiat nowotarski
34722,"Poczta Podwilk na Orawie, ul. Podwilk 300",Podwilk,małopolskie,Powiat nowotarski
34723,Poczta Oddział UP Raba Wyżna,Sieniawa,małopolskie,Powiat nowotarski
34730,Poczta Mszana Dolna,Mszana Dolna,małopolskie,Powiat limanowski
34730,Skrytki Pocztowe Poczta Mszana Dolna,Mszana Dolna,małopolskie,Powiat limanowski
34732,Poczta Olszówka agencja pocztowa UP Mszana Dolna,Olszówka,małopolskie,Powiat limanowski
34733,Poczta Filia UP Mszana Dolna,Mszana Górna,małopolskie,Powiat limanowski
34734,Poczta Filia UP Mszana Dolna,Kasinka Mała,małopolskie,Powiat limanowski
34735,Poczta Niedźwiedź koło Limanowej,Niedźwiedź,małopolskie,Powiat limanowski
34736,Poczta Filia UP Mszana Dolna,Lubomierz,małopolskie,Powiat limanowski
35303,ul. Letnia,Rzeszów,podkarpackie,Miasto Rzeszów na prawach powiatu
35303,ul. Lipcowa,Rzeszów,podkarpackie,Miasto Rzeszów na prawach powiatu
35303,ul. Lotników,Rzeszów,podkarpackie,Miasto Rzeszów na prawach powiatu
35303,ul. Marynarzy,Rzeszów,podkarpackie,Miasto Rzeszów na prawach powiatu
35303,ul. Mieszka I od 1 do ostatniego,Rzeszów,podkarpackie,Miasto Rzeszów na prawach powiatu
35303,"ul. Miodowa od 2 do 4, od 1 do ostatniego",Rzeszów,podkarpackie,Miasto Rzeszów na prawach powiatu
35303,ul. Nizinna,Rzeszów,podkarpackie,Miasto Rzeszów na prawach powiatu
35303,ul. Orląt Lwowskich,Rzeszów,podkarpackie,Miasto Rzeszów na prawach powiatu
35303,ul. Słodka,Rzeszów,podkarpackie,Miasto Rzeszów na prawach powiatu
35303,ul. Saperów,Rzeszów,podkarpackie,Miasto Rzeszów na prawach powiatu
35303,ul. Sierpniowa,Rzeszów,podkarpackie,Miasto Rzeszów na prawach powiatu
35303,ul. Wiosenna,Rzeszów,podkarpackie,Miasto Rzeszów na prawach powiatu
35303,ul. Wrześniowa,Rzeszów,podkarpackie,Miasto Rzeszów na prawach powiatu
35303,ul. Wytrwałych,Rzeszów,podkarpackie,Miasto Rzeszów na prawach powiatu
35303,ul. Zimowa,Rzeszów,podkarpackie,Miasto Rzeszów na prawach powiatu
35303,ul. Zwiadowców,Rzeszów,podkarpackie,Miasto Rzeszów na prawach powiatu
35303,ul. Świętego Michała Archanioła,Rzeszów,podkarpackie,Miasto Rzeszów na prawach powiatu
35304,Al. Sikorskiego Władysława,Rzeszów,podkarpackie,Miasto Rzeszów na prawach powiatu
35304,ul. Dołowa,Rzeszów,podkarpackie,Miasto Rzeszów na prawach powiatu
35304,ul. Kmicica Andrzeja,Rzeszów,podkarpackie,Miasto Rzeszów na prawach powiatu
35304,ul. Zagłoby,Rzeszów,podkarpackie,Miasto Rzeszów na prawach powiatu
35305,ul. Monte Cassino,Rzeszów,podkarpackie,Miasto Rzeszów na prawach powiatu
35306,ul. Żołnierzy Września,Rzeszów,podkarpackie,Miasto Rzeszów na prawach powiatu
35307,Al. Armii Krajowej,Rzeszów,podkarpackie,Miasto Rzeszów na prawach powiatu
35307,ul. Bohaterów 10 Sudeckiej Dywizji Piechoty,Rzeszów,podkarpackie,Miasto Rzeszów na prawach powiatu
35308,ul. Mieszka I od 2 do ostatniego,Rzeszów,podkarpackie,Miasto Rzeszów na prawach powiatu
35308,ul. Ułanów,Rzeszów,podkarpackie,Miasto Rzeszów na prawach powiatu
35309,ul. Podwisłocze,Rzeszów,podkarpackie,Miasto Rzeszów na prawach powiatu
35310,Al. Rejtana Tadeusza od 2 do 48,Rzeszów,podkarpackie,Miasto Rzeszów na prawach powiatu
35310,ul. Cegielniana,Rzeszów,podkarpackie,Miasto Rzeszów na prawach powiatu
35310,ul. Karowa,Rzeszów,podkarpackie,Miasto Rzeszów na prawach powiatu
35310,ul. Litawora,Rzeszów,podkarpackie,Miasto Rzeszów na prawach powiatu
35310,ul. Warzywna,Rzeszów,podkarpackie,Miasto Rzeszów na prawach powiatu
35310,ul. Wierzbowa,Rzeszów,podkarpackie,Miasto Rzeszów na prawach powiatu
35310,ul. Świadka Witolda,Rzeszów,podkarpackie,Miasto Rzeszów na prawach powiatu
35311,ul. Kwiatkowskiego Eugeniusza,Rzeszów,podkarpackie,Miasto Rzeszów na prawach powiatu
35311,ul. Seniora,Rzeszów,podkarpackie,Miasto Rzeszów na prawach powiatu
35311,ul. Za Strugiem,Rzeszów,podkarpackie,Miasto Rzeszów na prawach powiatu
35312,ul. Biskupa Pelczara Józefa,Rzeszów,podkarpackie,Miasto Rzeszów na prawach powiatu
35312,ul. Fabryczna,Rzeszów,podkarpackie,Miasto Rzeszów na prawach powiatu
35312,ul. Koło,Rzeszów,podkarpackie,Miasto Rzeszów na prawach powiatu
35312,ul. Kępa,Rzeszów,podkarpackie,Miasto Rzeszów na prawach powiatu
35312,ul. Piaskowa,Rzeszów,podkarpackie,Miasto Rzeszów na prawach powiatu
35312,ul. Podmiejska,Rzeszów,podkarpackie,Miasto Rzeszów na prawach powiatu
35312,ul. Strażacka,Rzeszów,podkarpackie,Miasto Rzeszów na prawach powiatu
35312,ul. Władysława Grabskiego,Rzeszów,podkarpackie,Miasto Rzeszów na prawach powiatu
35312,ul. Zakładowa,Rzeszów,podkarpackie,Miasto Rzeszów na prawach powiatu
35313,ul. Makuszyńskiego Kornela,Rzeszów,podkarpackie,Miasto Rzeszów na prawach powiatu
35314,ul. Gościnna,Rzeszów,podkarpackie,Miasto Rzeszów na prawach powiatu
35314,ul. Jachowicza Stanisława,Rzeszów,podkarpackie,Miasto Rzeszów na prawach powiatu
35314,ul. Miła,Rzeszów,podkarpackie,Miasto Rzeszów na prawach powiatu
35315,ul. Majora Kopisto Wacława,Rzeszów,podkarpackie,Miasto Rzeszów na prawach powiatu
35315,ul. Marzanny,Rzeszów,podkarpackie,Miasto Rzeszów na prawach powiatu
35316,"Poczta Rzeszów 016, ul. Tokarskiego 4",Rzeszów,podkarpackie,Miasto Rzeszów na prawach powiatu
35320,ul. Robaka Jana,Rzeszów,podkarpackie,Miasto Rzeszów na prawach powiatu
35321,ul. Bruna Juliana,Rzeszów,podkarpackie,Miasto Rzeszów na prawach powiatu
35321,ul. Chłędowskiego Kazimierza,Rzeszów,podkarpackie,Miasto Rzeszów na prawach powiatu
35321,ul. Dolna,Rzeszów,podkarpackie,Miasto Rzeszów na prawach powiatu
35321,ul. Konfederatów Barskich,Rzeszów,podkarpackie,Miasto Rzeszów na prawach powiatu
35321,ul. Macha Wilhelma,Rzeszów,podkarpackie,Miasto Rzeszów na prawach powiatu
35321,ul. Michałowskiego Piotra,Rzeszów,podkarpackie,Miasto Rzeszów na prawach powiatu
35321,ul. Na Skały,Rzeszów,podkarpackie,Miasto Rzeszów na prawach powiatu
35321,ul. Na Stoku,Rzeszów,podkarpackie,Miasto Rzeszów na prawach powiatu
35321,ul. Nadbrzeżna,Rzeszów,podkarpackie,Miasto Rzeszów na prawach powiatu
35321,ul. Ogrodowa,Rzeszów,podkarpackie,Miasto Rzeszów na prawach powiatu
35321,ul. Piętaka Stanisława,Rzeszów,podkarpackie,Miasto Rzeszów na prawach powiatu
35321,ul. Polna,Rzeszów,podkarpackie,Miasto Rzeszów na prawach powiatu
35321,ul. Stawowa,Rzeszów,podkarpackie,Miasto Rzeszów na prawach powiatu
35321,"ul. Szkolna od 20 do ostatniego, od 15 do ostatniego",Rzeszów,podkarpackie,Miasto Rzeszów na prawach powiatu
35321,ul. Traugutta Romualda,Rzeszów,podkarpackie,Miasto Rzeszów na prawach powiatu
35321,ul. Witwickiego Władysława,Rzeszów,podkarpackie,Miasto Rzeszów na prawach powiatu
35321,ul. Ściegiennego Piotra,Rzeszów,podkarpackie,Miasto Rzeszów na prawach powiatu
35322,ul. Agatowa,Rzeszów,podkarpackie,Miasto Rzeszów na prawach powiatu
35322,ul. Ametystowa,Rzeszów,podkarpackie,Miasto Rzeszów na prawach powiatu
35322,ul. Brylantowa,Rzeszów,podkarpackie,Miasto Rzeszów na prawach powiatu
35322,ul. Bursztynowa,Rzeszów,podkarpackie,Miasto Rzeszów na prawach powiatu
35322,ul. Bystra,Rzeszów,podkarpackie,Miasto Rzeszów na prawach powiatu
35322,ul. Ciepłownicza,Rzeszów,podkarpackie,Miasto Rzeszów na prawach powiatu
35322,ul. Cyrkoniowa,Rzeszów,podkarpackie,Miasto Rzeszów na prawach powiatu
35322,ul. Diamentowa,Rzeszów,podkarpackie,Miasto Rzeszów na prawach powiatu
35322,ul. Górna,Rzeszów,podkarpackie,Miasto Rzeszów na prawach powiatu
35322,ul. Grafitowa,Rzeszów,podkarpackie,Miasto Rzeszów na prawach powiatu
35322,ul. Hrabiego Potockiego Alfreda,Rzeszów,podkarpackie,Miasto Rzeszów na prawach powiatu
35322,ul. Hrabiny Tarnowskiej Wandy,Rzeszów,podkarpackie,Miasto Rzeszów na prawach powiatu
35322,ul. Jaspisowa,Rzeszów,podkarpackie,Miasto Rzeszów na prawach powiatu
35322,ul. Księżycowa,Rzeszów,podkarpackie,Miasto Rzeszów na prawach powiatu
35322,ul. Księdza Stączka Jana,Rzeszów,podkarpackie,Miasto Rzeszów na prawach powiatu
35322,ul. Kwarcowa,Rzeszów,podkarpackie,Miasto Rzeszów na prawach powiatu
35322,ul. Lazurowa,Rzeszów,podkarpackie,Miasto Rzeszów na prawach powiatu
35322,ul. Modra,Rzeszów,podkarpackie,Miasto Rzeszów na prawach powiatu
35322,ul. Na Wzgórzu,Rzeszów,podkarpackie,Miasto Rzeszów na prawach powiatu
35322,ul. Nefrytowa,Rzeszów,podkarpackie,Miasto Rzeszów na prawach powiatu
35322,ul. Olchowa,Rzeszów,podkarpackie,Miasto Rzeszów na prawach powiatu
35322,ul. Perłowa,Rzeszów,podkarpackie,Miasto Rzeszów na prawach powiatu
35322,ul. Pogodna,Rzeszów,podkarpackie,Miasto Rzeszów na prawach powiatu
35322,ul. Rubinowa,Rzeszów,podkarpackie,Miasto Rzeszów na prawach powiatu
35322,ul. Rzecha,Rzeszów,podkarpackie,Miasto Rzeszów na prawach powiatu
35322,ul. Spółdzielcza,Rzeszów,podkarpackie,Miasto Rzeszów na prawach powiatu
35322,ul. Spichlerzowa,Rzeszów,podkarpackie,Miasto Rzeszów na prawach powiatu
35322,ul. Szafirowa,Rzeszów,podkarpackie,Miasto Rzeszów na prawach powiatu
35322,ul. Szmaragdowa,Rzeszów,podkarpackie,Miasto Rzeszów na prawach powiatu
35322,ul. Torfowa,Rzeszów,podkarpackie,Miasto Rzeszów na prawach powiatu
35322,ul. Turkusowa,Rzeszów,podkarpackie,Miasto Rzeszów na prawach powiatu
35322,ul. Wąwozowa,Rzeszów,podkarpackie,Miasto Rzeszów na prawach powiatu
35322,ul. Wesoła,Rzeszów,podkarpackie,Miasto Rzeszów na prawach powiatu
35322,ul. Wyżynna,Rzeszów,podkarpackie,Miasto Rzeszów na prawach powiatu
35322,ul. Załęska,Rzeszów,podkarpackie,Miasto Rzeszów na prawach powiatu
35322,ul. Ziemiańskiego Jana,Rzeszów,podkarpackie,Miasto Rzeszów na prawach powiatu
35322,ul. Świętego Floriana,Rzeszów,podkarpackie,Miasto Rzeszów na prawach powiatu
35323,ul. Bałtycka,Rzeszów,podkarpackie,Miasto Rzeszów na prawach powiatu
35323,ul. Cienista,Rzeszów,podkarpackie,Miasto Rzeszów na prawach powiatu
35323,ul. Kaszubska,Rzeszów,podkarpackie,Miasto Rzeszów na prawach powiatu
35323,ul. Kujawska,Rzeszów,podkarpackie,Miasto Rzeszów na prawach powiatu
35323,ul. Marcina Filipa,Rzeszów,podkarpackie,Miasto Rzeszów na prawach powiatu
35323,ul. Morgowa,Rzeszów,podkarpackie,Miasto Rzeszów na prawach powiatu
35323,ul. Podlaska,Rzeszów,podkarpackie,Miasto Rzeszów na prawach powiatu
35323,ul. Pomorska,Rzeszów,podkarpackie,Miasto Rzeszów na prawach powiatu
35323,ul. skwer imienia Księdza Infułata Walentego Bala,Rzeszów,podkarpackie,Miasto Rzeszów na prawach powiatu
35323,ul. Tatrzańska,Rzeszów,podkarpackie,Miasto Rzeszów na prawach powiatu
35323,ul. Tęczowa,Rzeszów,podkarpackie,Miasto Rzeszów na prawach powiatu
35324,ul. Mazowiecka,Rzeszów,podkarpackie,Miasto Rzeszów na prawach powiatu
35326,"Al. Rejtana Tadeusza od 50 do ostatniego, od 1 do ostatniego",Rzeszów,podkarpackie,Miasto Rzeszów na prawach powiatu
35326,ul. Cicha,Rzeszów,podkarpackie,Miasto Rzeszów na prawach powiatu
35326,ul. Graniczna,Rzeszów,podkarpackie,Miasto Rzeszów na prawach powiatu
35326,ul. Jazowa,Rzeszów,podkarpackie,Miasto Rzeszów na prawach powiatu
35326,ul. Nowowiejska,Rzeszów,podkarpackie,Miasto Rzeszów na prawach powiatu
35326,ul. Sienna,Rzeszów,podkarpackie,Miasto Rzeszów na prawach powiatu
35326,ul. Ładna,Rzeszów,podkarpackie,Miasto Rzeszów na prawach powiatu
35326,ul. Urocza,Rzeszów,podkarpackie,Miasto Rzeszów na prawach powiatu
35326,ul. Zaciszna,Rzeszów,podkarpackie,Miasto Rzeszów na prawach powiatu
35326,ul. Zielna,Rzeszów,podkarpackie,Miasto Rzeszów na prawach powiatu
35326,ul. Zielona,Rzeszów,podkarpackie,Miasto Rzeszów na prawach powiatu
35327,"Poczta Rzeszów 010, Al. Profesora Krzyżanowskiego 6",Rzeszów,podkarpackie,Miasto Rzeszów na prawach powiatu
35328,ul. Cytadeli Warszawskiej,Rzeszów,podkarpackie,Miasto Rzeszów na prawach powiatu
35328,ul. Geodetów,Rzeszów,podkarpackie,Miasto Rzeszów na prawach powiatu
35328,ul. Kozienia Zdzisława,Rzeszów,podkarpackie,Miasto Rzeszów na prawach powiatu
35328,ul. Księdza Popiełuszki Jerzego,Rzeszów,podkarpackie,Miasto Rzeszów na prawach powiatu
35328,ul. Majora Dobrzańskiego Henryka Hubala,Rzeszów,podkarpackie,Miasto Rzeszów na prawach powiatu
35328,ul. Miodowa od 6 do ostatniego,Rzeszów,podkarpackie,Miasto Rzeszów na prawach powiatu
35328,ul. Modrzejewskiej Heleny,Rzeszów,podkarpackie,Miasto Rzeszów na prawach powiatu
35328,ul. Norwida Cypriana Kamila,Rzeszów,podkarpackie,Miasto Rzeszów na prawach powiatu
35328,ul. Obrońców Helu,Rzeszów,podkarpackie,Miasto Rzeszów na prawach powiatu
35328,ul. Orkana Władysława,Rzeszów,podkarpackie,Miasto Rzeszów na prawach powiatu
35328,ul. Ossolińskich,Rzeszów,podkarpackie,Miasto Rzeszów na prawach powiatu
35328,"ul. Paderewskiego Ignacego od nr 1 do nr 151, od nr 197 do ostatniego, od nr 198 do ostatniego",Rzeszów,podkarpackie,Miasto Rzeszów na prawach powiatu
35328,ul. Pawlikowskiej Jasnorzewskiej Marii,Rzeszów,podkarpackie,Miasto Rzeszów na prawach powiatu
35328,ul. Przybosia Juliana,Rzeszów,podkarpackie,Miasto Rzeszów na prawach powiatu
35328,ul. Puszkina Aleksandra,Rzeszów,podkarpackie,Miasto Rzeszów na prawach powiatu
35328,ul. Struga Andrzeja,Rzeszów,podkarpackie,Miasto Rzeszów na prawach powiatu
35328,ul. Szymanowskiego Karola,Rzeszów,podkarpackie,Miasto Rzeszów na prawach powiatu
35329,Al. Powstańców Warszawy,Rzeszów,podkarpackie,Miasto Rzeszów na prawach powiatu
35329,Al. Profesora Krzyżanowskiego Adama,Rzeszów,podkarpackie,Miasto Rzeszów na prawach powiatu
35330,"Poczta Rzeszów 009, ul. Powstańców Śląskich 6",Rzeszów,podkarpackie,Miasto Rzeszów na prawach powiatu
35330,ul. Braci Aletańskich,Rzeszów,podkarpackie,Miasto Rzeszów na prawach powiatu
35330,ul. Chłapowskich Anny i Zygmunta,Rzeszów,podkarpackie,Miasto Rzeszów na prawach powiatu
35330,ul. Góreckiego Jana,Rzeszów,podkarpackie,Miasto Rzeszów na prawach powiatu
35330,ul. Gajdka Ignacego,Rzeszów,podkarpackie,Miasto Rzeszów na prawach powiatu
35330,ul. Gliwy Stanisława,Rzeszów,podkarpackie,Miasto Rzeszów na prawach powiatu
35330,ul. Jakilińskiej Józefy,Rzeszów,podkarpackie,Miasto Rzeszów na prawach powiatu
35330,ul. Kiepury Jana nr 89,Rzeszów,podkarpackie,Miasto Rzeszów na prawach powiatu
35330,ul. Księdza Biskupa Betańskiego Antoniego,Rzeszów,podkarpackie,Miasto Rzeszów na prawach powiatu
35330,ul. Księdza Kobaka Jana,Rzeszów,podkarpackie,Miasto Rzeszów na prawach powiatu
35330,ul. Księdza Malinowskiego Romana,Rzeszów,podkarpackie,Miasto Rzeszów na prawach powiatu
35330,ul. Księdza Pasterczyka Andrzeja,Rzeszów,podkarpackie,Miasto Rzeszów na prawach powiatu
35330,ul. Księdza Podgórskiego Adama,Rzeszów,podkarpackie,Miasto Rzeszów na prawach powiatu
35330,ul. Księdza Sulikowskiego Daniela,Rzeszów,podkarpackie,Miasto Rzeszów na prawach powiatu
35330,ul. Kulig-Tchórzewskiej Heleny,Rzeszów,podkarpackie,Miasto Rzeszów na prawach powiatu
35330,ul. Marka Wojciecha,Rzeszów,podkarpackie,Miasto Rzeszów na prawach powiatu
35330,ul. Michlewskiej Stefanii,Rzeszów,podkarpackie,Miasto Rzeszów na prawach powiatu
35330,ul. Na Jaworzu,Rzeszów,podkarpackie,Miasto Rzeszów na prawach powiatu
35330,ul. Niedziochy Mariana,Rzeszów,podkarpackie,Miasto Rzeszów na prawach powiatu
35330,ul. Niemaszków Józefa i Romana,Rzeszów,podkarpackie,Miasto Rzeszów na prawach powiatu
35330,ul. Paderewskiego Ignacego od nr 152 do nr 196,Rzeszów,podkarpackie,Miasto Rzeszów na prawach powiatu
35330,ul. Pileckich Ottona i Jana,Rzeszów,podkarpackie,Miasto Rzeszów na prawach powiatu
35330,ul. Rodziny Kąkolów,Rzeszów,podkarpackie,Miasto Rzeszów na prawach powiatu
35330,ul. Rodziny Lutaków,Rzeszów,podkarpackie,Miasto Rzeszów na prawach powiatu
35330,ul. Słocińska,Rzeszów,podkarpackie,Miasto Rzeszów na prawach powiatu
35330,ul. Stanio Władysława,Rzeszów,podkarpackie,Miasto Rzeszów na prawach powiatu
35330,ul. Szajerów Heleny i Tomasza,Rzeszów,podkarpackie,Miasto Rzeszów na prawach powiatu
35330,ul. Wąsacza Jana,Rzeszów,podkarpackie,Miasto Rzeszów na prawach powiatu
35330,ul. Wallis Zofii,Rzeszów,podkarpackie,Miasto Rzeszów na prawach powiatu
35330,ul. Wieczna,Rzeszów,podkarpackie,Miasto Rzeszów na prawach powiatu
35330,ul. Wieniawskiego Henryka od nr 1 do nr 59,Rzeszów,podkarpackie,Miasto Rzeszów na prawach powiatu
35330,ul. Świętego Marcina,Rzeszów,podkarpackie,Miasto Rzeszów na prawach powiatu
35330,ul. Świętego Rocha,Rzeszów,podkarpackie,Miasto Rzeszów na prawach powiatu
35330,ul. Świętego Walentego,Rzeszów,podkarpackie,Miasto Rzeszów na prawach powiatu
35330,ul. Świętej Faustyny,Rzeszów,podkarpackie,Miasto Rzeszów na prawach powiatu
35332,ul. Przyjazna,Rzeszów,podkarpackie,Miasto Rzeszów na prawach powiatu
35332,ul. Skromna,Rzeszów,podkarpackie,Miasto Rzeszów na prawach powiatu
35332,ul. Solidarna,Rzeszów,podkarpackie,Miasto Rzeszów na prawach powiatu
35333,ul. Delikatna,Rzeszów,podkarpackie,Miasto Rzeszów na prawach powiatu
35333,ul. Radosna,Rzeszów,podkarpackie,Miasto Rzeszów na prawach powiatu
35333,ul. Łagodna,Rzeszów,podkarpackie,Miasto Rzeszów na prawach powiatu
35404,"Poczta Rzeszów 014, ul. Biskupa Pelczara 6",Rzeszów,podkarpackie,Miasto Rzeszów na prawach powiatu
35410,"Poczta Rzeszów 012, ul. Podwisłocze 10",Rzeszów,podkarpackie,Miasto Rzeszów na prawach powiatu
35501,Al. Wyzwolenia,Rzeszów,podkarpackie,Miasto Rzeszów na prawach powiatu
35502,ul. Ropczycka,Rzeszów,podkarpackie,Miasto Rzeszów na prawach powiatu
35502,ul. Tarnowska,Rzeszów,podkarpackie,Miasto Rzeszów na prawach powiatu
35503,"ul. Dębicka od nr 1 do nr 51, od nr 2 do nr 114",Rzeszów,podkarpackie,Miasto Rzeszów na prawach powiatu
35504,ul. Gorlicka,Rzeszów,podkarpackie,Miasto Rzeszów na prawach powiatu
35504,ul. Jasielska,Rzeszów,podkarpackie,Miasto Rzeszów na prawach powiatu
35504,ul. Mielecka,Rzeszów,podkarpackie,Miasto Rzeszów na prawach powiatu
35504,ul. Sanocka,Rzeszów,podkarpackie,Miasto Rzeszów na prawach powiatu
35504,"ul. Ustrzycka od 1 do 117, od 2 do ostatniego",Rzeszów,podkarpackie,Miasto Rzeszów na prawach powiatu
35504,ul. Zakopiańska,Rzeszów,podkarpackie,Miasto Rzeszów na prawach powiatu
35505,ul. Dukielska,Rzeszów,podkarpackie,Miasto Rzeszów na prawach powiatu
35505,ul. Jana z Dukli,Rzeszów,podkarpackie,Miasto Rzeszów na prawach powiatu
35505,ul. Kościelna,Rzeszów,podkarpackie,Miasto Rzeszów na prawach powiatu
35505,ul. Krośnieńska,Rzeszów,podkarpackie,Miasto Rzeszów na prawach powiatu
35505,ul. Krynicka,Rzeszów,podkarpackie,Miasto Rzeszów na prawach powiatu
35505,ul. Niżańska,Rzeszów,podkarpackie,Miasto Rzeszów na prawach powiatu
35505,ul. Sędziszowska,Rzeszów,podkarpackie,Miasto Rzeszów na prawach powiatu
35505,ul. Strzyżowska,Rzeszów,podkarpackie,Miasto Rzeszów na prawach powiatu
35506,"ul. Krakowska od 32 do nr 160, od nr 43 do nr 165",Rzeszów,podkarpackie,Miasto Rzeszów na prawach powiatu
35506,ul. Pułkownika Osmęckiego Kazimierza Iranka,Rzeszów,podkarpackie,Miasto Rzeszów na prawach powiatu
35507,ul. Kapitana Brydaka Edwarda,Rzeszów,podkarpackie,Miasto Rzeszów na prawach powiatu
35507,ul. Nowosądecka,Rzeszów,podkarpackie,Miasto Rzeszów na prawach powiatu
35507,ul. Synów Pułku,Rzeszów,podkarpackie,Miasto Rzeszów na prawach powiatu
35508,ul. Starzyńskiego Stefana,Rzeszów,podkarpackie,Miasto Rzeszów na prawach powiatu
35509,ul. Obrońców Poczty Gdańskiej,Rzeszów,podkarpackie,Miasto Rzeszów na prawach powiatu
35510,ul. Ślusarczyka Franciszka,Rzeszów,podkarpackie,Miasto Rzeszów na prawach powiatu
35511,ul. Prymasa Tysiąclecia,Rzeszów,podkarpackie,Miasto Rzeszów na prawach powiatu
35512,ul. Świętego Maksymiliana Marii Kolbego,Rzeszów,podkarpackie,Miasto Rzeszów na prawach powiatu
35513,ul. Kapitana Raginisa Władysława,Rzeszów,podkarpackie,Miasto Rzeszów na prawach powiatu
35515,"Poczta Rzeszów 017, ul. Starzyńskiego 2",Rzeszów,podkarpackie,Miasto Rzeszów na prawach powiatu
35601,ul. Ćwiklińskiej Mieczysławy,Rzeszów,podkarpackie,Miasto Rzeszów na prawach powiatu
35601,ul. Robotnicza,Rzeszów,podkarpackie,Miasto Rzeszów na prawach powiatu
35601,ul. Spacerowa,Rzeszów,podkarpackie,Miasto Rzeszów na prawach powiatu
35601,ul. Zelwerowicza Aleksandra,Rzeszów,podkarpackie,Miasto Rzeszów na prawach powiatu
35602,ul. Czajkowskiego Piotra,Rzeszów,podkarpackie,Miasto Rzeszów na prawach powiatu
35602,ul. Herberta Zbigniewa,Rzeszów,podkarpackie,Miasto Rzeszów na prawach powiatu
35602,"ul. Kiepury Jana od nr 1 do 88, od nr 90 do ostatniego, od 91 do ostatniego",Rzeszów,podkarpackie,Miasto Rzeszów na prawach powiatu
35602,ul. Osterwy Juliusza,Rzeszów,podkarpackie,Miasto Rzeszów na prawach powiatu
35602,ul. Siemaszkowej Wandy,Rzeszów,podkarpackie,Miasto Rzeszów na prawach powiatu
35602,ul. Smosarskiej Jadwigi,Rzeszów,podkarpackie,Miasto Rzeszów na prawach powiatu
35603,ul. Dunikowskiego Xawerego,Rzeszów,podkarpackie,Miasto Rzeszów na prawach powiatu
35603,ul. Wieniawskiego Henryka od nr 60 do ostatniego,Rzeszów,podkarpackie,Miasto Rzeszów na prawach powiatu
35604,ul. Azaliowa,Rzeszów,podkarpackie,Miasto Rzeszów na prawach powiatu
35604,ul. Daliowa,Rzeszów,podkarpackie,Miasto Rzeszów na prawach powiatu
35604,ul. Fiołkowa,Rzeszów,podkarpackie,Miasto Rzeszów na prawach powiatu
35604,ul. Forsycji,Rzeszów,podkarpackie,Miasto Rzeszów na prawach powiatu
35604,ul. Frezji,Rzeszów,podkarpackie,Miasto Rzeszów na prawach powiatu
35604,ul. Goździkowa,Rzeszów,podkarpackie,Miasto Rzeszów na prawach powiatu
35604,ul. Irysowa,Rzeszów,podkarpackie,Miasto Rzeszów na prawach powiatu
35604,ul. Jaśminowa,Rzeszów,podkarpackie,Miasto Rzeszów na prawach powiatu
35604,ul. Kaczeńcowa,Rzeszów,podkarpackie,Miasto Rzeszów na prawach powiatu
35604,ul. Kaktusowa,Rzeszów,podkarpackie,Miasto Rzeszów na prawach powiatu
35604,ul. Konwalii,Rzeszów,podkarpackie,Miasto Rzeszów na prawach powiatu
35604,ul. Krokusowa,Rzeszów,podkarpackie,Miasto Rzeszów na prawach powiatu
35604,ul. Magnolii,Rzeszów,podkarpackie,Miasto Rzeszów na prawach powiatu
35604,ul. Malwowa,Rzeszów,podkarpackie,Miasto Rzeszów na prawach powiatu
35604,ul. Mieczykowa,Rzeszów,podkarpackie,Miasto Rzeszów na prawach powiatu
35604,ul. Nagietkowa,Rzeszów,podkarpackie,Miasto Rzeszów na prawach powiatu
35604,ul. Nasturcji,Rzeszów,podkarpackie,Miasto Rzeszów na prawach powiatu
35604,ul. Niezapominajek,Rzeszów,podkarpackie,Miasto Rzeszów na prawach powiatu
35604,ul. Pelargonii,Rzeszów,podkarpackie,Miasto Rzeszów na prawach powiatu
35604,ul. Piwonii,Rzeszów,podkarpackie,Miasto Rzeszów na prawach powiatu
35604,ul. Rumiankowa,Rzeszów,podkarpackie,Miasto Rzeszów na prawach powiatu
35604,ul. Słonecznikowa,Rzeszów,podkarpackie,Miasto Rzeszów na prawach powiatu
35604,ul. Sasanki,Rzeszów,podkarpackie,Miasto Rzeszów na prawach powiatu
35604,ul. Stokrotek,Rzeszów,podkarpackie,Miasto Rzeszów na prawach powiatu
35604,ul. Storczykowa,Rzeszów,podkarpackie,Miasto Rzeszów na prawach powiatu
35604,ul. Szarotkowa,Rzeszów,podkarpackie,Miasto Rzeszów na prawach powiatu
35604,ul. Tulipanowa,Rzeszów,podkarpackie,Miasto Rzeszów na prawach powiatu
35604,ul. Łukasiewicza Ignacego,Rzeszów,podkarpackie,Miasto Rzeszów na prawach powiatu
35604,ul. Wrzosowa,Rzeszów,podkarpackie,Miasto Rzeszów na prawach powiatu
35605,ul. Bławatkowa,Rzeszów,podkarpackie,Miasto Rzeszów na prawach powiatu
35605,ul. Lawendowa,Rzeszów,podkarpackie,Miasto Rzeszów na prawach powiatu
35605,ul. Zawilcowa,Rzeszów,podkarpackie,Miasto Rzeszów na prawach powiatu
35605,ul. Zimowit,Rzeszów,podkarpackie,Miasto Rzeszów na prawach powiatu
35606,ul. Powstańców Listopadowych,Rzeszów,podkarpackie,Miasto Rzeszów na prawach powiatu
35607,ul. Karpa Karola,Rzeszów,podkarpackie,Miasto Rzeszów na prawach powiatu
35607,ul. Powstańców Styczniowych,Rzeszów,podkarpackie,Miasto Rzeszów na prawach powiatu
35607,ul. Skorupki Ignacego,Rzeszów,podkarpackie,Miasto Rzeszów na prawach powiatu
35608,ul. Jasińskiego Jakuba,Rzeszów,podkarpackie,Miasto Rzeszów na prawach powiatu
35609,ul. Kombatantów,Rzeszów,podkarpackie,Miasto Rzeszów na prawach powiatu
35610,ul. Powstańców Śląskich,Rzeszów,podkarpackie,Miasto Rzeszów na prawach powiatu
35611,ul. Powstańców Wielkopolskich,Rzeszów,podkarpackie,Miasto Rzeszów na prawach powiatu
35612,ul. Władysława Warneńczyka,Rzeszów,podkarpackie,Miasto Rzeszów na prawach powiatu
35614,ul. Jana Olbrachta,Rzeszów,podkarpackie,Miasto Rzeszów na prawach powiatu
35614,ul. Kazimierza Odnowiciela,Rzeszów,podkarpackie,Miasto Rzeszów na prawach powiatu
35615,ul. Leszka Czarnego,Rzeszów,podkarpackie,Miasto Rzeszów na prawach powiatu
35616,ul. Królewska,Rzeszów,podkarpackie,Miasto Rzeszów na prawach powiatu
35617,ul. Aleksandra Jagiellończyka,Rzeszów,podkarpackie,Miasto Rzeszów na prawach powiatu
35617,ul. Władysława IV,Rzeszów,podkarpackie,Miasto Rzeszów na prawach powiatu
35620,ul. Kurpiowska,Rzeszów,podkarpackie,Miasto Rzeszów na prawach powiatu
35620,ul. Małopolska,Rzeszów,podkarpackie,Miasto Rzeszów na prawach powiatu
35620,ul. Mazurska,Rzeszów,podkarpackie,Miasto Rzeszów na prawach powiatu
35622,ul. Podhalańska,Rzeszów,podkarpackie,Miasto Rzeszów na prawach powiatu
35623,ul. Anny Jagiellonki,Rzeszów,podkarpackie,Miasto Rzeszów na prawach powiatu
35624,ul. Bolesława Śmiałego,Rzeszów,podkarpackie,Miasto Rzeszów na prawach powiatu
35625,ul. Książęca,Rzeszów,podkarpackie,Miasto Rzeszów na prawach powiatu
35626,ul. Królowej Bony,Rzeszów,podkarpackie,Miasto Rzeszów na prawach powiatu
35627,ul. Henryka Pobożnego,Rzeszów,podkarpackie,Miasto Rzeszów na prawach powiatu
35628,ul. Królowej Marysieńki,Rzeszów,podkarpackie,Miasto Rzeszów na prawach powiatu
35629,ul. Zygmunta I Starego,Rzeszów,podkarpackie,Miasto Rzeszów na prawach powiatu
35630,ul. Saska,Rzeszów,podkarpackie,Miasto Rzeszów na prawach powiatu
35749,Instytucja Przedstawicielstwo Operacyjne CUP,Rzeszów,podkarpackie,Miasto Rzeszów na prawach powiatu
35900,"Poczta Rzeszów 002, ul. Asnyka 9",Rzeszów,podkarpackie,Miasto Rzeszów na prawach powiatu
35959,"Instytucja Rejonowy Urząd Poczty w Rzeszowie, ul. Asnyka 9",Rzeszów,podkarpackie,Miasto Rzeszów na prawach powiatu
36001,Poczta Trzebownisko,Trzebownisko,podkarpackie,Powiat rzeszowski
36002,Poczta Jasionka koło Rzeszowa,Jasionka,podkarpackie,Powiat rzeszowski
36003,Poczta Przewrotne,Przewrotne,podkarpackie,Powiat rzeszowski
36004,Poczta Łąka koło Rzeszowa,Łąka,podkarpackie,Powiat rzeszowski
36007,Poczta Krasne koło Rzeszowa,Krasne,podkarpackie,Powiat rzeszowski
36016,Poczta Chmielnik koło Rzeszowa,Chmielnik,podkarpackie,Powiat rzeszowski
36017,Poczta Filia UP Chmielnik,Błędowa Tyczyńska,podkarpackie,Powiat rzeszowski
36020,Poczta Tyczyn,Tyczyn,podkarpackie,Powiat rzeszowski
36020,Skrytki Pocztowe Poczta Tyczyn,Tyczyn,podkarpackie,Powiat rzeszowski
36021,Poczta Filia UP Tyczyn,Budziwój,podkarpackie,Powiat rzeszowski
36024,Poczta Hyżne koło Dynowa,Hyżne,podkarpackie,Powiat rzeszowski
36025,Poczta Dylągówka,Dylągówka,podkarpackie,Powiat rzeszowski
36030,Poczta Błażowa Rzeszowska,Błażowa,podkarpackie,Powiat rzeszowski
36030,Skrytki Pocztowe Poczta Błażowa Rzeszowska,Błażowa,podkarpackie,Powiat rzeszowski
36032,Poczta Kąkolówka agencja pocztowa UP Błażowa Rzeszowska,Kąkolówka,podkarpackie,Powiat rzeszowski
36034,Poczta Futoma agencja pocztowa UP Błażowa Rzeszowska,Futoma,podkarpackie,Powiat rzeszowski
36040,Poczta Boguchwała,Boguchwała,podkarpackie,Powiat rzeszowski
36041,Poczta Zarzecze agencja pocztowa UP Boguchwała,Zarzecze,podkarpackie,Powiat rzeszowski
36042,Poczta Lubenia,Lubenia,podkarpackie,Powiat rzeszowski
36043,Poczta Filia UP Lubenia,Straszydle,podkarpackie,Powiat rzeszowski
36046,Poczta Zgłobień,Zgłobień,podkarpackie,Powiat rzeszowski
36047,Poczta Niechobrz,Niechobrz,podkarpackie,Powiat rzeszowski
36050,Poczta Sokołów Małopolski,Sokołów Małopolski,podkarpackie,Powiat rzeszowski
36051,Poczta Górno koło Rzeszowa,Górno,podkarpackie,Powiat rzeszowski
36052,Poczta Nienadówka,Nienadówka,podkarpackie,Powiat rzeszowski
36053,Poczta Kamień koło Rudnika nad Sanem,Kamień,podkarpackie,Powiat rzeszowski
36054,Poczta Mrowla,Mrowla,podkarpackie,Powiat rzeszowski
36055,Poczta Bratkowice,Bratkowice,podkarpackie,Powiat rzeszowski
36060,Poczta Głogów Małopolski,Głogów Małopolski,podkarpackie,Powiat rzeszowski
36061,Poczta Wysoka koło Rzeszowa,Harta,podkarpackie,Powiat rzeszowski
36062,Poczta Zaczernie,Zaczernie,podkarpackie,Powiat rzeszowski
36065,Poczta Dynów,Dynów,podkarpackie,Powiat rzeszowski
36065,Skrytki Pocztowe Poczta Dynów,Dynów,podkarpackie,Powiat rzeszowski
40823,"ul. Daszyńskiego Ignacego od 2 do 18, od 1 do 17",Katowice,śląskie,Miasto Katowice na prawach powiatu
40824,ul. Kwiatkowskiego Eugeniusza,Katowice,śląskie,Miasto Katowice na prawach powiatu
40826,ul. Grabskiego Władysława,Katowice,śląskie,Miasto Katowice na prawach powiatu
40831,"ul. Witosa Wincentego od 52 do 62, od 51 do 63",Katowice,śląskie,Miasto Katowice na prawach powiatu
40832,"ul. Witosa Wincentego od 2 do 50, od 1 do 49",Katowice,śląskie,Miasto Katowice na prawach powiatu
40833,ul. Dulęby Henryka,Katowice,śląskie,Miasto Katowice na prawach powiatu
40833,ul. Obroki,Katowice,śląskie,Miasto Katowice na prawach powiatu
40833,ul. Sławka Walerego,Katowice,śląskie,Miasto Katowice na prawach powiatu
40834,"ul. Daszyńskiego Ignacego od 20 do ostatniego, od 19 do ostatniego",Katowice,śląskie,Miasto Katowice na prawach powiatu
40836,ul. Bardowskiego Piotra,Katowice,śląskie,Miasto Katowice na prawach powiatu
40837,ul. Rataja Macieja,Katowice,śląskie,Miasto Katowice na prawach powiatu
40841,ul. Mościckiego Ignacego,Katowice,śląskie,Miasto Katowice na prawach powiatu
40842,ul. Pietrusińskiego Jana,Katowice,śląskie,Miasto Katowice na prawach powiatu
40843,ul. Ossowskiego Michała,Katowice,śląskie,Miasto Katowice na prawach powiatu
40844,ul. Kossutha Stanisława,Katowice,śląskie,Miasto Katowice na prawach powiatu
40845,ul. Chodnikowa,Katowice,śląskie,Miasto Katowice na prawach powiatu
40846,ul. Wyciągowa,Katowice,śląskie,Miasto Katowice na prawach powiatu
40846,ul. Ścianowa,Katowice,śląskie,Miasto Katowice na prawach powiatu
40847,"ul. Bocheńskiego Jana od 54 do 78, od 55 do 95",Katowice,śląskie,Miasto Katowice na prawach powiatu
40847,ul. Pukowca Józefa,Katowice,śląskie,Miasto Katowice na prawach powiatu
40848,ul. Kolońska,Katowice,śląskie,Miasto Katowice na prawach powiatu
40850,ul. 18 Sierpnia,Katowice,śląskie,Miasto Katowice na prawach powiatu
40850,ul. Bogusławskiego Wojciecha,Katowice,śląskie,Miasto Katowice na prawach powiatu
40850,ul. Narutowicza Gabriela,Katowice,śląskie,Miasto Katowice na prawach powiatu
40851,ul. Żelazna,Katowice,śląskie,Miasto Katowice na prawach powiatu
40852,ul. Ledóchowskiego Macieja,Katowice,śląskie,Miasto Katowice na prawach powiatu
40852,ul. Macieja,Katowice,śląskie,Miasto Katowice na prawach powiatu
40852,ul. Pośpiecha Pawła,Katowice,śląskie,Miasto Katowice na prawach powiatu
40853,"ul. Gliwicka od 24 do 46, od 21 do 65",Katowice,śląskie,Miasto Katowice na prawach powiatu
40854,"ul. Gliwicka od 48 do 90, od 67 do 109",Katowice,śląskie,Miasto Katowice na prawach powiatu
40854,ul. Marcina,Katowice,śląskie,Miasto Katowice na prawach powiatu
40854,ul. Zarębskiego Juliusza,Katowice,śląskie,Miasto Katowice na prawach powiatu
40855,ul. Anioła Franciszka,Katowice,śląskie,Miasto Katowice na prawach powiatu
40855,"ul. Gliwicka od 92 do 104, od 111 do 127",Katowice,śląskie,Miasto Katowice na prawach powiatu
40855,ul. Gminna,Katowice,śląskie,Miasto Katowice na prawach powiatu
40855,ul. Janasa Wincentego,Katowice,śląskie,Miasto Katowice na prawach powiatu
40855,ul. Szewczenki Tarasa,Katowice,śląskie,Miasto Katowice na prawach powiatu
40856,"Poczta Katowice 004, ul. Gliwicka 127",Katowice,śląskie,Miasto Katowice na prawach powiatu
40856,"Skrytki Pocztowe Poczta Katowice 004, ul. Gliwicka 127",Katowice,śląskie,Miasto Katowice na prawach powiatu
40857,Pl. Księdza Londzina Józefa,Katowice,śląskie,Miasto Katowice na prawach powiatu
40857,"ul. Gliwicka od 106 do 142, od 129 do 163",Katowice,śląskie,Miasto Katowice na prawach powiatu
40857,ul. Klimczoka,Katowice,śląskie,Miasto Katowice na prawach powiatu
40857,ul. Ondraszka,Katowice,śląskie,Miasto Katowice na prawach powiatu
40857,ul. Wolnego Józefa,Katowice,śląskie,Miasto Katowice na prawach powiatu
40857,ul. Zamułkowa,Katowice,śląskie,Miasto Katowice na prawach powiatu
40858,ul. Bracka,Katowice,śląskie,Miasto Katowice na prawach powiatu
40859,"ul. Bocheńskiego Jana od 2 do 52, od 1 do 53",Katowice,śląskie,Miasto Katowice na prawach powiatu
40859,"ul. Gliwicka od 144 do 162, od 165 do 191",Katowice,śląskie,Miasto Katowice na prawach powiatu
40859,ul. Kupca Jana,Katowice,śląskie,Miasto Katowice na prawach powiatu
40859,ul. Pokoju,Katowice,śląskie,Miasto Katowice na prawach powiatu
40859,ul. Tokarska,Katowice,śląskie,Miasto Katowice na prawach powiatu
40859,ul. Wolskiego Michała,Katowice,śląskie,Miasto Katowice na prawach powiatu
40860,"ul. Gliwicka od 164 do 234, od 193 do 235",Katowice,śląskie,Miasto Katowice na prawach powiatu
40860,ul. Lelewela Joachima,Katowice,śląskie,Miasto Katowice na prawach powiatu
40860,ul. Lisa,Katowice,śląskie,Miasto Katowice na prawach powiatu
40860,ul. Wyplera Jana,Katowice,śląskie,Miasto Katowice na prawach powiatu
40860,ul. Ślusarska,Katowice,śląskie,Miasto Katowice na prawach powiatu
40861,ul. Skrzeka Józefa,Katowice,śląskie,Miasto Katowice na prawach powiatu
40861,ul. Wiśniowa,Katowice,śląskie,Miasto Katowice na prawach powiatu
40862,ul. Badury Szymona,Katowice,śląskie,Miasto Katowice na prawach powiatu
40862,ul. Borysa Szymona,Katowice,śląskie,Miasto Katowice na prawach powiatu
40862,ul. Ciemały Józefa,Katowice,śląskie,Miasto Katowice na prawach powiatu
40862,ul. Czoiki Leopolda,Katowice,śląskie,Miasto Katowice na prawach powiatu
40862,"ul. Gliwicka od 236 do ostatniego, od 237 do ostatniego",Katowice,śląskie,Miasto Katowice na prawach powiatu
40862,ul. Kempki Roberta,Katowice,śląskie,Miasto Katowice na prawach powiatu
40863,ul. Cholewy Jerzego,Katowice,śląskie,Miasto Katowice na prawach powiatu
40863,ul. Dudka Franciszka,Katowice,śląskie,Miasto Katowice na prawach powiatu
40863,ul. Grządziela Jakuba,Katowice,śląskie,Miasto Katowice na prawach powiatu
40863,ul. Koczeby Jana,Katowice,śląskie,Miasto Katowice na prawach powiatu
40863,ul. Mamoka Macieja,Katowice,śląskie,Miasto Katowice na prawach powiatu
40863,ul. Musialika Piotra,Katowice,śląskie,Miasto Katowice na prawach powiatu
40863,ul. Piechy Józefa,Katowice,śląskie,Miasto Katowice na prawach powiatu
40865,ul. Trasa imienia Nikodema i Józefa Renców od 1 do ostatniego,Katowice,śląskie,Miasto Katowice na prawach powiatu
40866,ul. Piastów od 1 do 15,Katowice,śląskie,Miasto Katowice na prawach powiatu
40867,ul. Piastów od 17 do ostatniego,Katowice,śląskie,Miasto Katowice na prawach powiatu
40868,ul. Piastów od 2 do 26,Katowice,śląskie,Miasto Katowice na prawach powiatu
40869,ul. Piastów od 28 do ostatniego,Katowice,śląskie,Miasto Katowice na prawach powiatu
40870,Al. Bolesława Krzywoustego,Katowice,śląskie,Miasto Katowice na prawach powiatu
40871,"Poczta Katowice 038, ul. Tysiąclecia 90",Katowice,śląskie,Miasto Katowice na prawach powiatu
40871,ul. Tysiąclecia od 2 do ostatniego,Katowice,śląskie,Miasto Katowice na prawach powiatu
40872,ul. Zawiszy Czarnego,Katowice,śląskie,Miasto Katowice na prawach powiatu
41218,ul. Katowicka,Sosnowiec,śląskie,Miasto Sosnowiec na prawach powiatu
41218,ul. Kleberga Franciszka,Sosnowiec,śląskie,Miasto Sosnowiec na prawach powiatu
41218,ul. Klonowa,Sosnowiec,śląskie,Miasto Sosnowiec na prawach powiatu
41218,ul. Kolbe Maksymiliana,Sosnowiec,śląskie,Miasto Sosnowiec na prawach powiatu
41218,ul. Kolejowa,Sosnowiec,śląskie,Miasto Sosnowiec na prawach powiatu
41218,ul. Kolonia Pod Klimontowem,Sosnowiec,śląskie,Miasto Sosnowiec na prawach powiatu
41219,Al. Paderewskiego Ignacego,Sosnowiec,śląskie,Miasto Sosnowiec na prawach powiatu
41219,Al. Wolności,Sosnowiec,śląskie,Miasto Sosnowiec na prawach powiatu
41219,"Poczta Sosnowiec 019, ul. Lenartowicza 8",Sosnowiec,śląskie,Miasto Sosnowiec na prawach powiatu
41219,"Skrytki Pocztowe Poczta Sosnowiec 019, ul. Lenartowicza 8",Sosnowiec,śląskie,Miasto Sosnowiec na prawach powiatu
41219,ul. 11 Listopada od 135 do ostatniego,Sosnowiec,śląskie,Miasto Sosnowiec na prawach powiatu
41219,ul. Błotna,Sosnowiec,śląskie,Miasto Sosnowiec na prawach powiatu
41219,ul. Bajana Jerzego,Sosnowiec,śląskie,Miasto Sosnowiec na prawach powiatu
41219,ul. Banacha Stefana,Sosnowiec,śląskie,Miasto Sosnowiec na prawach powiatu
41219,ul. Białostocka,Sosnowiec,śląskie,Miasto Sosnowiec na prawach powiatu
41219,ul. Bohaterów Getta,Sosnowiec,śląskie,Miasto Sosnowiec na prawach powiatu
41219,ul. Bohaterów Monte Cassino,Sosnowiec,śląskie,Miasto Sosnowiec na prawach powiatu
41219,ul. Bolesława Chrobrego,Sosnowiec,śląskie,Miasto Sosnowiec na prawach powiatu
41219,ul. Bolesława Krzywoustego,Sosnowiec,śląskie,Miasto Sosnowiec na prawach powiatu
41219,ul. Braci Mieroszewskich,Sosnowiec,śląskie,Miasto Sosnowiec na prawach powiatu
41219,ul. Braci Śliwów,Sosnowiec,śląskie,Miasto Sosnowiec na prawach powiatu
41219,ul. Braci Śniadeckich,Sosnowiec,śląskie,Miasto Sosnowiec na prawach powiatu
41219,ul. Chełmońskiego Józefa,Sosnowiec,śląskie,Miasto Sosnowiec na prawach powiatu
41219,ul. Cichopka Wincentego,Sosnowiec,śląskie,Miasto Sosnowiec na prawach powiatu
41219,ul. Cienista,Sosnowiec,śląskie,Miasto Sosnowiec na prawach powiatu
41219,ul. Czereśniowa,Sosnowiec,śląskie,Miasto Sosnowiec na prawach powiatu
41219,ul. Długosza Jana,Sosnowiec,śląskie,Miasto Sosnowiec na prawach powiatu
41219,ul. Dmowskiego Romana,Sosnowiec,śląskie,Miasto Sosnowiec na prawach powiatu
41219,ul. Domańskiego Franciszka,Sosnowiec,śląskie,Miasto Sosnowiec na prawach powiatu
41219,ul. Dworska,Sosnowiec,śląskie,Miasto Sosnowiec na prawach powiatu
41219,ul. Dzielna,Sosnowiec,śląskie,Miasto Sosnowiec na prawach powiatu
41219,ul. Dzika,Sosnowiec,śląskie,Miasto Sosnowiec na prawach powiatu
41219,ul. Frankiewicza Antoniego,Sosnowiec,śląskie,Miasto Sosnowiec na prawach powiatu
41219,ul. Górników,Sosnowiec,śląskie,Miasto Sosnowiec na prawach powiatu
41219,ul. Generała Komorowskiego Tadeusza Bora,Sosnowiec,śląskie,Miasto Sosnowiec na prawach powiatu
41219,ul. Generała Wybickiego Józefa,Sosnowiec,śląskie,Miasto Sosnowiec na prawach powiatu
41219,ul. Generała Zaruskiego Mariusza,Sosnowiec,śląskie,Miasto Sosnowiec na prawach powiatu
41219,ul. Goszczyńskiego Seweryna,Sosnowiec,śląskie,Miasto Sosnowiec na prawach powiatu
41219,ul. Grottgera Artura,Sosnowiec,śląskie,Miasto Sosnowiec na prawach powiatu
41219,ul. Indyki,Sosnowiec,śląskie,Miasto Sosnowiec na prawach powiatu
41219,ul. Infelda Leoparda,Sosnowiec,śląskie,Miasto Sosnowiec na prawach powiatu
41219,ul. Józefowska,Sosnowiec,śląskie,Miasto Sosnowiec na prawach powiatu
41219,ul. Jarosza Franciszka,Sosnowiec,śląskie,Miasto Sosnowiec na prawach powiatu
41219,ul. Jędryczki Stefana,Sosnowiec,śląskie,Miasto Sosnowiec na prawach powiatu
41219,ul. Kaczeńców,Sosnowiec,śląskie,Miasto Sosnowiec na prawach powiatu
41219,ul. Kalagi Ignacego,Sosnowiec,śląskie,Miasto Sosnowiec na prawach powiatu
41219,ul. Kamienna,Sosnowiec,śląskie,Miasto Sosnowiec na prawach powiatu
41219,ul. Kasprzaka Marcina,Sosnowiec,śląskie,Miasto Sosnowiec na prawach powiatu
41219,ul. Kazimierza Wielkiego,Sosnowiec,śląskie,Miasto Sosnowiec na prawach powiatu
41219,ul. Kielecka,Sosnowiec,śląskie,Miasto Sosnowiec na prawach powiatu
41219,ul. Kisielewskiego Stefana,Sosnowiec,śląskie,Miasto Sosnowiec na prawach powiatu
41219,ul. Kochanowskiego Jana,Sosnowiec,śląskie,Miasto Sosnowiec na prawach powiatu
41219,ul. Kolonia Baraki,Sosnowiec,śląskie,Miasto Sosnowiec na prawach powiatu
41219,ul. Komuny Paryskiej,Sosnowiec,śląskie,Miasto Sosnowiec na prawach powiatu
41219,ul. Konopnickiej Marii,Sosnowiec,śląskie,Miasto Sosnowiec na prawach powiatu
41219,ul. Kossaka Juliusza,Sosnowiec,śląskie,Miasto Sosnowiec na prawach powiatu
41219,ul. Kosynierów,Sosnowiec,śląskie,Miasto Sosnowiec na prawach powiatu
41219,ul. Koszalińska,Sosnowiec,śląskie,Miasto Sosnowiec na prawach powiatu
41219,ul. Kota Wincentego,Sosnowiec,śląskie,Miasto Sosnowiec na prawach powiatu
41219,ul. Kowalskiego Piotra,Sosnowiec,śląskie,Miasto Sosnowiec na prawach powiatu
41219,ul. Kępa,Sosnowiec,śląskie,Miasto Sosnowiec na prawach powiatu
41220,"Poczta Sosnowiec 020, ul. Koszalińska 23",Sosnowiec,śląskie,Miasto Sosnowiec na prawach powiatu
41221,"Poczta Sosnowiec 021, ul. Kisielewskiego 9A",Sosnowiec,śląskie,Miasto Sosnowiec na prawach powiatu
41250,"Poczta Czeladź 001, ul. 1 Maja 29",Czeladź,śląskie,Powiat będziński
41250,"Skrytki Pocztowe Poczta Czeladź 001, ul. 1 Maja 29",Czeladź,śląskie,Powiat będziński
41253,"Poczta Czeladź 003, ul. Spacerowa 4",Czeladź,śląskie,Powiat będziński
41253,"Skrytki Pocztowe Poczta Czeladź 003, ul. Spacerowa 4",Czeladź,śląskie,Powiat będziński
41254,"Poczta Czeladź 004, ul. Tuwima Juliana 41",Czeladź,śląskie,Powiat będziński
41260,"Poczta Sławków, ul. genad Sikorskiego Władysława 8",Sławków,śląskie,Powiat będziński
41260,"Skrytki Pocztowe Poczta Sławków, ul. genad Sikorskiego Władysława 8",Sławków,śląskie,Powiat będziński
41300,"Al. Piłsudskiego Józefa od 2 do 18, od 1 do 15",Dąbrowa Górnicza,śląskie,Miasto Dąbrowa Górnicza na prawach powiatu
41300,Al. Róż,Dąbrowa Górnicza,śląskie,Miasto Dąbrowa Górnicza na prawach powiatu
41300,"Al. Zagłębia Dąbrowskiego od 2 do ostatniego, od 1 do 7",Dąbrowa Górnicza,śląskie,Miasto Dąbrowa Górnicza na prawach powiatu
41300,Pl. Wolności,Dąbrowa Górnicza,śląskie,Miasto Dąbrowa Górnicza na prawach powiatu
41300,"Poczta Dąbrowa Górnicza 001, ul. Kościuszki Tadeusza 16",Dąbrowa Górnicza,śląskie,Miasto Dąbrowa Górnicza na prawach powiatu
41300,"Skrytki Pocztowe Poczta Dąbrowa Górnicza 001, ul. Kościuszki Tadeusza 16",Dąbrowa Górnicza,śląskie,Miasto Dąbrowa Górnicza na prawach powiatu
41300,ul. Żeromskiego Stefana,Dąbrowa Górnicza,śląskie,Miasto Dąbrowa Górnicza na prawach powiatu
41300,ul. Żołnierska,Dąbrowa Górnicza,śląskie,Miasto Dąbrowa Górnicza na prawach powiatu
41300,ul. Żwirki Franciszka,Dąbrowa Górnicza,śląskie,Miasto Dąbrowa Górnicza na prawach powiatu
41300,ul. Żytnia,Dąbrowa Górnicza,śląskie,Miasto Dąbrowa Górnicza na prawach powiatu
41300,ul. 1 Maja,Dąbrowa Górnicza,śląskie,Miasto Dąbrowa Górnicza na prawach powiatu
41300,ul. 11 Listopada,Dąbrowa Górnicza,śląskie,Miasto Dąbrowa Górnicza na prawach powiatu
41300,ul. 3 Maja,Dąbrowa Górnicza,śląskie,Miasto Dąbrowa Górnicza na prawach powiatu
41300,ul. 6 Sierpnia,Dąbrowa Górnicza,śląskie,Miasto Dąbrowa Górnicza na prawach powiatu
41300,ul. 9 Maja,Dąbrowa Górnicza,śląskie,Miasto Dąbrowa Górnicza na prawach powiatu
41300,ul. Adamieckiego Karola,Dąbrowa Górnicza,śląskie,Miasto Dąbrowa Górnicza na prawach powiatu
41300,ul. Adamskiego Władysława,Dąbrowa Górnicza,śląskie,Miasto Dąbrowa Górnicza na prawach powiatu
41300,ul. Asnyka Adama,Dąbrowa Górnicza,śląskie,Miasto Dąbrowa Górnicza na prawach powiatu
41300,ul. Błędowska,Dąbrowa Górnicza,śląskie,Miasto Dąbrowa Górnicza na prawach powiatu
41300,ul. Bandrowskiego Jana Kadema,Dąbrowa Górnicza,śląskie,Miasto Dąbrowa Górnicza na prawach powiatu
41300,ul. Biskupa Adamskiego Władysława,Dąbrowa Górnicza,śląskie,Miasto Dąbrowa Górnicza na prawach powiatu
41300,ul. Bobrowa,Dąbrowa Górnicza,śląskie,Miasto Dąbrowa Górnicza na prawach powiatu
41300,ul. Bohomolca Franciszka,Dąbrowa Górnicza,śląskie,Miasto Dąbrowa Górnicza na prawach powiatu
41300,ul. Braci Pękalskich,Dąbrowa Górnicza,śląskie,Miasto Dąbrowa Górnicza na prawach powiatu
41300,ul. Buczka Mariana,Dąbrowa Górnicza,śląskie,Miasto Dąbrowa Górnicza na prawach powiatu
41300,ul. Chopina Fryderyka,Dąbrowa Górnicza,śląskie,Miasto Dąbrowa Górnicza na prawach powiatu
41300,ul. Ciasna,Dąbrowa Górnicza,śląskie,Miasto Dąbrowa Górnicza na prawach powiatu
41300,ul. Cicha,Dąbrowa Górnicza,śląskie,Miasto Dąbrowa Górnicza na prawach powiatu
41300,ul. Cieplaka Zygmunta,Dąbrowa Górnicza,śląskie,Miasto Dąbrowa Górnicza na prawach powiatu
41300,ul. Cieszkowskiego Augusta,Dąbrowa Górnicza,śląskie,Miasto Dąbrowa Górnicza na prawach powiatu
41300,ul. Cupiała Jana,Dąbrowa Górnicza,śląskie,Miasto Dąbrowa Górnicza na prawach powiatu
41300,ul. Czaplińskiego Władysława,Dąbrowa Górnicza,śląskie,Miasto Dąbrowa Górnicza na prawach powiatu
41300,ul. Długa,Dąbrowa Górnicza,śląskie,Miasto Dąbrowa Górnicza na prawach powiatu
41300,ul. Długosza Jana,Dąbrowa Górnicza,śląskie,Miasto Dąbrowa Górnicza na prawach powiatu
41300,ul. Dąbrówka,Dąbrowa Górnicza,śląskie,Miasto Dąbrowa Górnicza na prawach powiatu
41300,ul. Dąbskiego Jakuba,Dąbrowa Górnicza,śląskie,Miasto Dąbrowa Górnicza na prawach powiatu
41300,ul. Dekerta Jana,Dąbrowa Górnicza,śląskie,Miasto Dąbrowa Górnicza na prawach powiatu
41300,ul. Dembowskiego Edwarda,Dąbrowa Górnicza,śląskie,Miasto Dąbrowa Górnicza na prawach powiatu
41300,ul. Dojazdowa,Dąbrowa Górnicza,śląskie,Miasto Dąbrowa Górnicza na prawach powiatu
41300,ul. Dolna,Dąbrowa Górnicza,śląskie,Miasto Dąbrowa Górnicza na prawach powiatu
41300,ul. Dębowa,Dąbrowa Górnicza,śląskie,Miasto Dąbrowa Górnicza na prawach powiatu
41300,ul. Duboisa Stanisława,Dąbrowa Górnicza,śląskie,Miasto Dąbrowa Górnicza na prawach powiatu
41300,ul. Dudkiewicza Józefa,Dąbrowa Górnicza,śląskie,Miasto Dąbrowa Górnicza na prawach powiatu
41300,ul. Dziewiąty,Dąbrowa Górnicza,śląskie,Miasto Dąbrowa Górnicza na prawach powiatu
41300,ul. Filtrowa,Dąbrowa Górnicza,śląskie,Miasto Dąbrowa Górnicza na prawach powiatu
41300,ul. Frycza Modrzewskiego Andrzeja,Dąbrowa Górnicza,śląskie,Miasto Dąbrowa Górnicza na prawach powiatu
41300,ul. Furmana Eugeniusza,Dąbrowa Górnicza,śląskie,Miasto Dąbrowa Górnicza na prawach powiatu
41300,ul. Górki,Dąbrowa Górnicza,śląskie,Miasto Dąbrowa Górnicza na prawach powiatu
41300,ul. Górnicza,Dąbrowa Górnicza,śląskie,Miasto Dąbrowa Górnicza na prawach powiatu
41300,ul. Górników Redenu,Dąbrowa Górnicza,śląskie,Miasto Dąbrowa Górnicza na prawach powiatu
41300,ul. Głowackiego Bartosza,Dąbrowa Górnicza,śląskie,Miasto Dąbrowa Górnicza na prawach powiatu
41300,ul. Gałczyńskiego Konstantego Ildefonsa,Dąbrowa Górnicza,śląskie,Miasto Dąbrowa Górnicza na prawach powiatu
41300,ul. Generała Dąbrowskiego Henryka,Dąbrowa Górnicza,śląskie,Miasto Dąbrowa Górnicza na prawach powiatu
41300,ul. Graniczna,Dąbrowa Górnicza,śląskie,Miasto Dąbrowa Górnicza na prawach powiatu
41300,ul. Granitowa,Dąbrowa Górnicza,śląskie,Miasto Dąbrowa Górnicza na prawach powiatu
41300,ul. Grunwaldzka,Dąbrowa Górnicza,śląskie,Miasto Dąbrowa Górnicza na prawach powiatu
41300,ul. Harcerska,Dąbrowa Górnicza,śląskie,Miasto Dąbrowa Górnicza na prawach powiatu
41300,ul. Hempla Jana,Dąbrowa Górnicza,śląskie,Miasto Dąbrowa Górnicza na prawach powiatu
41300,ul. Hibnera Władysława,Dąbrowa Górnicza,śląskie,Miasto Dąbrowa Górnicza na prawach powiatu
41300,ul. Hutnika,Dąbrowa Górnicza,śląskie,Miasto Dąbrowa Górnicza na prawach powiatu
41300,ul. Janowska,Dąbrowa Górnicza,śląskie,Miasto Dąbrowa Górnicza na prawach powiatu
41300,ul. Jaworowa,Dąbrowa Górnicza,śląskie,Miasto Dąbrowa Górnicza na prawach powiatu
41300,ul. Jesionowa,Dąbrowa Górnicza,śląskie,Miasto Dąbrowa Górnicza na prawach powiatu
41300,ul. Kasprowicza Jana,Dąbrowa Górnicza,śląskie,Miasto Dąbrowa Górnicza na prawach powiatu
41300,"ul. Katowicka od 2 do 4, od 12 do ostatniego, od 1 do 1, od 13 do ostatniego",Dąbrowa Górnicza,śląskie,Miasto Dąbrowa Górnicza na prawach powiatu
41300,ul. Kilińskiego Jana,Dąbrowa Górnicza,śląskie,Miasto Dąbrowa Górnicza na prawach powiatu
41300,ul. Kołłątaja Hugona,Dąbrowa Górnicza,śląskie,Miasto Dąbrowa Górnicza na prawach powiatu
41300,ul. Kościuszki Tadeusza,Dąbrowa Górnicza,śląskie,Miasto Dąbrowa Górnicza na prawach powiatu
41300,ul. Kochanowskiego Jana,Dąbrowa Górnicza,śląskie,Miasto Dąbrowa Górnicza na prawach powiatu
41300,ul. Kolejowa,Dąbrowa Górnicza,śląskie,Miasto Dąbrowa Górnicza na prawach powiatu
41300,ul. Konarskiego Stanisława,Dąbrowa Górnicza,śląskie,Miasto Dąbrowa Górnicza na prawach powiatu
41300,ul. Kondratowicza Ludwika,Dąbrowa Górnicza,śląskie,Miasto Dąbrowa Górnicza na prawach powiatu
41300,ul. Konopnickiej Marii,Dąbrowa Górnicza,śląskie,Miasto Dąbrowa Górnicza na prawach powiatu
41300,ul. Kopernika Mikołaja,Dąbrowa Górnicza,śląskie,Miasto Dąbrowa Górnicza na prawach powiatu
41300,ul. Korczaka Janusza,Dąbrowa Górnicza,śląskie,Miasto Dąbrowa Górnicza na prawach powiatu
41300,ul. Korzeniec,Dąbrowa Górnicza,śląskie,Miasto Dąbrowa Górnicza na prawach powiatu
41300,ul. Królowej Jadwigi,Dąbrowa Górnicza,śląskie,Miasto Dąbrowa Górnicza na prawach powiatu
41300,ul. Krótka,Dąbrowa Górnicza,śląskie,Miasto Dąbrowa Górnicza na prawach powiatu
41300,ul. Krasińskiego Zygmunta,Dąbrowa Górnicza,śląskie,Miasto Dąbrowa Górnicza na prawach powiatu
41300,ul. Kraszewskiego Józefa Ignacego,Dąbrowa Górnicza,śląskie,Miasto Dąbrowa Górnicza na prawach powiatu
41300,ul. Kruczkowskiego Leona,Dąbrowa Górnicza,śląskie,Miasto Dąbrowa Górnicza na prawach powiatu
41300,ul. Krzynówki Stanisława,Dąbrowa Górnicza,śląskie,Miasto Dąbrowa Górnicza na prawach powiatu
41300,ul. Księcia Poniatowskiego Józefa,Dąbrowa Górnicza,śląskie,Miasto Dąbrowa Górnicza na prawach powiatu
41300,ul. Księdza Augustynika Grzegorza,Dąbrowa Górnicza,śląskie,Miasto Dąbrowa Górnicza na prawach powiatu
41300,ul. Kuźnica Błędowska,Dąbrowa Górnicza,śląskie,Miasto Dąbrowa Górnicza na prawach powiatu
41300,ul. Legionów Polskich,Dąbrowa Górnicza,śląskie,Miasto Dąbrowa Górnicza na prawach powiatu
41300,ul. Letnia,Dąbrowa Górnicza,śląskie,Miasto Dąbrowa Górnicza na prawach powiatu
41300,ul. Limanowskiego Bolesława,Dąbrowa Górnicza,śląskie,Miasto Dąbrowa Górnicza na prawach powiatu
41300,ul. Ludowa,Dąbrowa Górnicza,śląskie,Miasto Dąbrowa Górnicza na prawach powiatu
41300,ul. Mała,Dąbrowa Górnicza,śląskie,Miasto Dąbrowa Górnicza na prawach powiatu
41300,ul. Majakowskiego Włodzimierza,Dąbrowa Górnicza,śląskie,Miasto Dąbrowa Górnicza na prawach powiatu
41300,ul. Malinowe Górki,Dąbrowa Górnicza,śląskie,Miasto Dąbrowa Górnicza na prawach powiatu
41300,ul. Marchlewskiego Juliana,Dąbrowa Górnicza,śląskie,Miasto Dąbrowa Górnicza na prawach powiatu
41300,ul. Marianki,Dąbrowa Górnicza,śląskie,Miasto Dąbrowa Górnicza na prawach powiatu
41300,ul. Mickiewicza Adama,Dąbrowa Górnicza,śląskie,Miasto Dąbrowa Górnicza na prawach powiatu
41300,ul. Mireckiego Józefa,Dąbrowa Górnicza,śląskie,Miasto Dąbrowa Górnicza na prawach powiatu
41300,ul. Napierskiego Kostki,Dąbrowa Górnicza,śląskie,Miasto Dąbrowa Górnicza na prawach powiatu
41300,ul. Narodowa,Dąbrowa Górnicza,śląskie,Miasto Dąbrowa Górnicza na prawach powiatu
41300,ul. Niegowonicka,Dąbrowa Górnicza,śląskie,Miasto Dąbrowa Górnicza na prawach powiatu
41300,ul. Niemcewicza Juliana Ursyna,Dąbrowa Górnicza,śląskie,Miasto Dąbrowa Górnicza na prawach powiatu
41300,ul. Norwida Cypriana Kamila,Dąbrowa Górnicza,śląskie,Miasto Dąbrowa Górnicza na prawach powiatu
41300,ul. Nowa,Dąbrowa Górnicza,śląskie,Miasto Dąbrowa Górnicza na prawach powiatu
41300,ul. Nowocmentarna,Dąbrowa Górnicza,śląskie,Miasto Dąbrowa Górnicza na prawach powiatu
41300,ul. Odrodzenia,Dąbrowa Górnicza,śląskie,Miasto Dąbrowa Górnicza na prawach powiatu
41300,ul. Okrzei Stefana,Dąbrowa Górnicza,śląskie,Miasto Dąbrowa Górnicza na prawach powiatu
41300,ul. Olszowa,Dąbrowa Górnicza,śląskie,Miasto Dąbrowa Górnicza na prawach powiatu
41300,ul. Orzeszkowej Elizy,Dąbrowa Górnicza,śląskie,Miasto Dąbrowa Górnicza na prawach powiatu
41300,ul. Północna,Dąbrowa Górnicza,śląskie,Miasto Dąbrowa Górnicza na prawach powiatu
41300,ul. Paderewskiego Ignacego,Dąbrowa Górnicza,śląskie,Miasto Dąbrowa Górnicza na prawach powiatu
41300,ul. Park Śródmiejski,Dąbrowa Górnicza,śląskie,Miasto Dąbrowa Górnicza na prawach powiatu
41300,ul. Partyzantów,Dąbrowa Górnicza,śląskie,Miasto Dąbrowa Górnicza na prawach powiatu
41300,ul. Paryska,Dąbrowa Górnicza,śląskie,Miasto Dąbrowa Górnicza na prawach powiatu
41300,ul. Perla Feliksa,Dąbrowa Górnicza,śląskie,Miasto Dąbrowa Górnicza na prawach powiatu
41300,ul. Piaskowa,Dąbrowa Górnicza,śląskie,Miasto Dąbrowa Górnicza na prawach powiatu
41300,ul. Piwowara Adama,Dąbrowa Górnicza,śląskie,Miasto Dąbrowa Górnicza na prawach powiatu
41300,ul. Plater Emilii,Dąbrowa Górnicza,śląskie,Miasto Dąbrowa Górnicza na prawach powiatu
41300,ul. Południowa,Dąbrowa Górnicza,śląskie,Miasto Dąbrowa Górnicza na prawach powiatu
41300,ul. Pola Wincentego,Dąbrowa Górnicza,śląskie,Miasto Dąbrowa Górnicza na prawach powiatu
41300,ul. Poleśna,Dąbrowa Górnicza,śląskie,Miasto Dąbrowa Górnicza na prawach powiatu
41300,ul. Poprzeczna,Dąbrowa Górnicza,śląskie,Miasto Dąbrowa Górnicza na prawach powiatu
41300,ul. Powstańców,Dąbrowa Górnicza,śląskie,Miasto Dąbrowa Górnicza na prawach powiatu
41300,ul. Prosta,Dąbrowa Górnicza,śląskie,Miasto Dąbrowa Górnicza na prawach powiatu
41300,ul. Przemysłowa,Dąbrowa Górnicza,śląskie,Miasto Dąbrowa Górnicza na prawach powiatu
41300,ul. Przodowników,Dąbrowa Górnicza,śląskie,Miasto Dąbrowa Górnicza na prawach powiatu
41300,ul. Przybylaka Władysława,Dąbrowa Górnicza,śląskie,Miasto Dąbrowa Górnicza na prawach powiatu
41300,ul. Pułaskiego Kazimierza,Dąbrowa Górnicza,śląskie,Miasto Dąbrowa Górnicza na prawach powiatu
41300,ul. Pustynna,Dąbrowa Górnicza,śląskie,Miasto Dąbrowa Górnicza na prawach powiatu
41300,ul. Różana,Dąbrowa Górnicza,śląskie,Miasto Dąbrowa Górnicza na prawach powiatu
41300,ul. Równa,Dąbrowa Górnicza,śląskie,Miasto Dąbrowa Górnicza na prawach powiatu
41300,ul. Ratanice,Dąbrowa Górnicza,śląskie,Miasto Dąbrowa Górnicza na prawach powiatu
41300,ul. Reja Mikołaja,Dąbrowa Górnicza,śląskie,Miasto Dąbrowa Górnicza na prawach powiatu
41300,ul. Rejtana Tadeusza,Dąbrowa Górnicza,śląskie,Miasto Dąbrowa Górnicza na prawach powiatu
41300,ul. Reymonta Władysława,Dąbrowa Górnicza,śląskie,Miasto Dąbrowa Górnicza na prawach powiatu
41300,ul. Robotnicza,Dąbrowa Górnicza,śląskie,Miasto Dąbrowa Górnicza na prawach powiatu
41300,ul. Słowackiego Juliusza,Dąbrowa Górnicza,śląskie,Miasto Dąbrowa Górnicza na prawach powiatu
41300,ul. Sawickiej Hanki,Dąbrowa Górnicza,śląskie,Miasto Dąbrowa Górnicza na prawach powiatu
41300,ul. Sienkiewicza Henryka,Dąbrowa Górnicza,śląskie,Miasto Dąbrowa Górnicza na prawach powiatu
41300,ul. Siewierska,Dąbrowa Górnicza,śląskie,Miasto Dąbrowa Górnicza na prawach powiatu
41300,ul. Skalskiego Stanisława,Dąbrowa Górnicza,śląskie,Miasto Dąbrowa Górnicza na prawach powiatu
41300,ul. Skibińskiego Stanisława,Dąbrowa Górnicza,śląskie,Miasto Dąbrowa Górnicza na prawach powiatu
41300,ul. Sobieskiego Jana,Dąbrowa Górnicza,śląskie,Miasto Dąbrowa Górnicza na prawach powiatu
41300,ul. Spółdzielcza,Dąbrowa Górnicza,śląskie,Miasto Dąbrowa Górnicza na prawach powiatu
41300,ul. Spokojna,Dąbrowa Górnicza,śląskie,Miasto Dąbrowa Górnicza na prawach powiatu
41300,ul. Stalowa,Dąbrowa Górnicza,śląskie,Miasto Dąbrowa Górnicza na prawach powiatu
41300,ul. Stara,Dąbrowa Górnicza,śląskie,Miasto Dąbrowa Górnicza na prawach powiatu
41300,ul. Starościńska,Dąbrowa Górnicza,śląskie,Miasto Dąbrowa Górnicza na prawach powiatu
41300,ul. Starocmentarna,Dąbrowa Górnicza,śląskie,Miasto Dąbrowa Górnicza na prawach powiatu
41300,ul. Starzyńskiego Stefana,Dąbrowa Górnicza,śląskie,Miasto Dąbrowa Górnicza na prawach powiatu
41300,ul. Staszica Stanisława,Dąbrowa Górnicza,śląskie,Miasto Dąbrowa Górnicza na prawach powiatu
41300,ul. Struga Andrzeja,Dąbrowa Górnicza,śląskie,Miasto Dąbrowa Górnicza na prawach powiatu
41300,ul. Strumień,Dąbrowa Górnicza,śląskie,Miasto Dąbrowa Górnicza na prawach powiatu
41300,ul. Sucha,Dąbrowa Górnicza,śląskie,Miasto Dąbrowa Górnicza na prawach powiatu
41300,ul. Szklana,Dąbrowa Górnicza,śląskie,Miasto Dąbrowa Górnicza na prawach powiatu
41300,ul. Szkolna,Dąbrowa Górnicza,śląskie,Miasto Dąbrowa Górnicza na prawach powiatu
41300,ul. Szpitalna,Dąbrowa Górnicza,śląskie,Miasto Dąbrowa Górnicza na prawach powiatu
41300,ul. Sztorcowa,Dąbrowa Górnicza,śląskie,Miasto Dąbrowa Górnicza na prawach powiatu
41300,ul. Sztygarska,Dąbrowa Górnicza,śląskie,Miasto Dąbrowa Górnicza na prawach powiatu
41300,ul. Traugutta Romualda,Dąbrowa Górnicza,śląskie,Miasto Dąbrowa Górnicza na prawach powiatu
41300,ul. Tuwima Juliana,Dąbrowa Górnicza,śląskie,Miasto Dąbrowa Górnicza na prawach powiatu
41300,ul. Twarda,Dąbrowa Górnicza,śląskie,Miasto Dąbrowa Górnicza na prawach powiatu
41300,ul. Łącząca,Dąbrowa Górnicza,śląskie,Miasto Dąbrowa Górnicza na prawach powiatu
41300,ul. Łańcuckiego Stanisława,Dąbrowa Górnicza,śląskie,Miasto Dąbrowa Górnicza na prawach powiatu
41300,ul. Łazy Błędowskie,Dąbrowa Górnicza,śląskie,Miasto Dąbrowa Górnicza na prawach powiatu
41300,ul. Urbańskiego Tadeusza,Dąbrowa Górnicza,śląskie,Miasto Dąbrowa Górnicza na prawach powiatu
41300,ul. Uthkego Cezarego,Dąbrowa Górnicza,śląskie,Miasto Dąbrowa Górnicza na prawach powiatu
41300,ul. Łukasińskiego Waleriana,Dąbrowa Górnicza,śląskie,Miasto Dąbrowa Górnicza na prawach powiatu
41300,ul. Wąska,Dąbrowa Górnicza,śląskie,Miasto Dąbrowa Górnicza na prawach powiatu
41300,ul. Wiejska,Dąbrowa Górnicza,śląskie,Miasto Dąbrowa Górnicza na prawach powiatu
41300,ul. Wierzbowa,Dąbrowa Górnicza,śląskie,Miasto Dąbrowa Górnicza na prawach powiatu
41300,ul. Wigury Stanisława,Dąbrowa Górnicza,śląskie,Miasto Dąbrowa Górnicza na prawach powiatu
41300,ul. Wojska Polskiego,Dąbrowa Górnicza,śląskie,Miasto Dąbrowa Górnicza na prawach powiatu
41300,ul. Wolska,Dąbrowa Górnicza,śląskie,Miasto Dąbrowa Górnicza na prawach powiatu
41300,ul. Wróblewskiego Walerego,Dąbrowa Górnicza,śląskie,Miasto Dąbrowa Górnicza na prawach powiatu
41300,ul. Wschodnia,Dąbrowa Górnicza,śląskie,Miasto Dąbrowa Górnicza na prawach powiatu
41300,ul. Wspólna,Dąbrowa Górnicza,śląskie,Miasto Dąbrowa Górnicza na prawach powiatu
41300,ul. Wypaleniska,Dąbrowa Górnicza,śląskie,Miasto Dąbrowa Górnicza na prawach powiatu
41300,ul. Wyspiańskiego Stanisława,Dąbrowa Górnicza,śląskie,Miasto Dąbrowa Górnicza na prawach powiatu
41300,ul. Zagórcze,Dąbrowa Górnicza,śląskie,Miasto Dąbrowa Górnicza na prawach powiatu
41300,ul. Zagórska,Dąbrowa Górnicza,śląskie,Miasto Dąbrowa Górnicza na prawach powiatu
41300,ul. Zagórze,Dąbrowa Górnicza,śląskie,Miasto Dąbrowa Górnicza na prawach powiatu
41300,ul. Zapolskiej Gabrieli,Dąbrowa Górnicza,śląskie,Miasto Dąbrowa Górnicza na prawach powiatu
41300,ul. Zdrowa,Dąbrowa Górnicza,śląskie,Miasto Dąbrowa Górnicza na prawach powiatu
41300,ul. Zgoda,Dąbrowa Górnicza,śląskie,Miasto Dąbrowa Górnicza na prawach powiatu
41300,ul. Zielona,Dąbrowa Górnicza,śląskie,Miasto Dąbrowa Górnicza na prawach powiatu
41300,ul. Ziemby Jana,Dąbrowa Górnicza,śląskie,Miasto Dąbrowa Górnicza na prawach powiatu
41300,ul. Ziemna,Dąbrowa Górnicza,śląskie,Miasto Dąbrowa Górnicza na prawach powiatu
41300,ul. Śliwińskiego Stanisława,Dąbrowa Górnicza,śląskie,Miasto Dąbrowa Górnicza na prawach powiatu
41300,ul. Średnia,Dąbrowa Górnicza,śląskie,Miasto Dąbrowa Górnicza na prawach powiatu
41300,ul. Świerkowa,Dąbrowa Górnicza,śląskie,Miasto Dąbrowa Górnicza na prawach powiatu
41300,ul. Świętej Barbary,Dąbrowa Górnicza,śląskie,Miasto Dąbrowa Górnicza na prawach powiatu
41303,"Al. Piłsudskiego Józefa od 20 do ostatniego, od 17 do ostatniego",Dąbrowa Górnicza,śląskie,Miasto Dąbrowa Górnicza na prawach powiatu
41303,Al. Zagłębia Dąbrowskiego od 9 do ostatniego,Dąbrowa Górnicza,śląskie,Miasto Dąbrowa Górnicza na prawach powiatu
41303,"Poczta Dąbrowa Górnicza 003, ul. Morcinka Gustawa 3",Dąbrowa Górnicza,śląskie,Miasto Dąbrowa Górnicza na prawach powiatu
41303,"Skrytki Pocztowe Poczta Dąbrowa Górnicza 003, ul. Morcinka Gustawa 3",Dąbrowa Górnicza,śląskie,Miasto Dąbrowa Górnicza na prawach powiatu
41303,ul. Bratków,Dąbrowa Górnicza,śląskie,Miasto Dąbrowa Górnicza na prawach powiatu
41303,ul. Brzozowa,Dąbrowa Górnicza,śląskie,Miasto Dąbrowa Górnicza na prawach powiatu
41303,ul. Budowlanych,Dąbrowa Górnicza,śląskie,Miasto Dąbrowa Górnicza na prawach powiatu
41303,ul. Bukowa,Dąbrowa Górnicza,śląskie,Miasto Dąbrowa Górnicza na prawach powiatu
41303,ul. Cedlera Edmunda,Dąbrowa Górnicza,śląskie,Miasto Dąbrowa Górnicza na prawach powiatu
41303,ul. Działki,Dąbrowa Górnicza,śląskie,Miasto Dąbrowa Górnicza na prawach powiatu
41303,ul. Dzieci Września,Dąbrowa Górnicza,śląskie,Miasto Dąbrowa Górnicza na prawach powiatu
41303,ul. Generała Bema Józefa,Dąbrowa Górnicza,śląskie,Miasto Dąbrowa Górnicza na prawach powiatu
41303,ul. Gwardii Ludowej,Dąbrowa Górnicza,śląskie,Miasto Dąbrowa Górnicza na prawach powiatu
41303,ul. III Powstania Śląskiego,Dąbrowa Górnicza,śląskie,Miasto Dąbrowa Górnicza na prawach powiatu
41303,ul. Jaskrów,Dąbrowa Górnicza,śląskie,Miasto Dąbrowa Górnicza na prawach powiatu
41303,ul. Jasna,Dąbrowa Górnicza,śląskie,Miasto Dąbrowa Górnicza na prawach powiatu
41303,ul. Kasprzaka Marcina,Dąbrowa Górnicza,śląskie,Miasto Dąbrowa Górnicza na prawach powiatu
41303,ul. Klonowa,Dąbrowa Górnicza,śląskie,Miasto Dąbrowa Górnicza na prawach powiatu
41303,ul. Kościelna,Dąbrowa Górnicza,śląskie,Miasto Dąbrowa Górnicza na prawach powiatu
41303,ul. Komuny Paryskiej,Dąbrowa Górnicza,śląskie,Miasto Dąbrowa Górnicza na prawach powiatu
41303,ul. Kosmonautów,Dąbrowa Górnicza,śląskie,Miasto Dąbrowa Górnicza na prawach powiatu
41303,ul. Krasickiego Ignacego,Dąbrowa Górnicza,śląskie,Miasto Dąbrowa Górnicza na prawach powiatu
41303,ul. Kwiatkowskiego Eugeniusza,Dąbrowa Górnicza,śląskie,Miasto Dąbrowa Górnicza na prawach powiatu
41303,ul. Laski,Dąbrowa Górnicza,śląskie,Miasto Dąbrowa Górnicza na prawach powiatu
41303,ul. Leśna,Dąbrowa Górnicza,śląskie,Miasto Dąbrowa Górnicza na prawach powiatu
41303,ul. Morcinka Gustawa,Dąbrowa Górnicza,śląskie,Miasto Dąbrowa Górnicza na prawach powiatu
41303,ul. Myśliwska,Dąbrowa Górnicza,śląskie,Miasto Dąbrowa Górnicza na prawach powiatu
41303,ul. Parkowa,Dąbrowa Górnicza,śląskie,Miasto Dąbrowa Górnicza na prawach powiatu
41303,ul. Piecucha Konrada,Dąbrowa Górnicza,śląskie,Miasto Dąbrowa Górnicza na prawach powiatu
41303,ul. Podłęknicka,Dąbrowa Górnicza,śląskie,Miasto Dąbrowa Górnicza na prawach powiatu
41303,ul. Podlesie,Dąbrowa Górnicza,śląskie,Miasto Dąbrowa Górnicza na prawach powiatu
41303,ul. Pogodna,Dąbrowa Górnicza,śląskie,Miasto Dąbrowa Górnicza na prawach powiatu
41303,ul. Pogoria,Dąbrowa Górnicza,śląskie,Miasto Dąbrowa Górnicza na prawach powiatu
41303,ul. Prusa Bolesława,Dąbrowa Górnicza,śląskie,Miasto Dąbrowa Górnicza na prawach powiatu
41303,ul. Roździeńskiego Walentego,Dąbrowa Górnicza,śląskie,Miasto Dąbrowa Górnicza na prawach powiatu
41303,ul. Sadowa,Dąbrowa Górnicza,śląskie,Miasto Dąbrowa Górnicza na prawach powiatu
41303,ul. Siedmu Szewców,Dąbrowa Górnicza,śląskie,Miasto Dąbrowa Górnicza na prawach powiatu
41303,ul. Storczyków,Dąbrowa Górnicza,śląskie,Miasto Dąbrowa Górnicza na prawach powiatu
41303,ul. Swobodna,Dąbrowa Górnicza,śląskie,Miasto Dąbrowa Górnicza na prawach powiatu
41303,ul. Szenwalda Lucjana,Dąbrowa Górnicza,śląskie,Miasto Dąbrowa Górnicza na prawach powiatu
41303,ul. Szulc Marii,Dąbrowa Górnicza,śląskie,Miasto Dąbrowa Górnicza na prawach powiatu
41303,ul. Tiereszkowej Walentyny,Dąbrowa Górnicza,śląskie,Miasto Dąbrowa Górnicza na prawach powiatu
41303,ul. Topolowa,Dąbrowa Górnicza,śląskie,Miasto Dąbrowa Górnicza na prawach powiatu
41303,ul. Tworzeń,Dąbrowa Górnicza,śląskie,Miasto Dąbrowa Górnicza na prawach powiatu
41303,ul. Tysiąclecia,Dąbrowa Górnicza,śląskie,Miasto Dąbrowa Górnicza na prawach powiatu
41303,ul. Łączna,Dąbrowa Górnicza,śląskie,Miasto Dąbrowa Górnicza na prawach powiatu
41303,ul. Łęknice,Dąbrowa Górnicza,śląskie,Miasto Dąbrowa Górnicza na prawach powiatu
41303,ul. Wczasowa,Dąbrowa Górnicza,śląskie,Miasto Dąbrowa Górnicza na prawach powiatu
41303,ul. Wesoła,Dąbrowa Górnicza,śląskie,Miasto Dąbrowa Górnicza na prawach powiatu
41303,ul. Wodna,Dąbrowa Górnicza,śląskie,Miasto Dąbrowa Górnicza na prawach powiatu
41303,ul. Wybickiego Józefa,Dąbrowa Górnicza,śląskie,Miasto Dąbrowa Górnicza na prawach powiatu
41303,ul. Zakładowa,Dąbrowa Górnicza,śląskie,Miasto Dąbrowa Górnicza na prawach powiatu
41303,ul. Zaplecze,Dąbrowa Górnicza,śląskie,Miasto Dąbrowa Górnicza na prawach powiatu
41303,ul. Zuchów,Dąbrowa Górnicza,śląskie,Miasto Dąbrowa Górnicza na prawach powiatu
41304,"Poczta Dąbrowa Górnicza 004, ul. Majakowskiego 31",Dąbrowa Górnicza,śląskie,Miasto Dąbrowa Górnicza na prawach powiatu
41306,"Poczta Dąbrowa Górnicza 006, ul. Wybickiego 8",Dąbrowa Górnicza,śląskie,Miasto Dąbrowa Górnicza na prawach powiatu
41306,"Skrytki Pocztowe Poczta Dąbrowa Górnicza 006, ul. Wybickiego 8",Dąbrowa Górnicza,śląskie,Miasto Dąbrowa Górnicza na prawach powiatu
41308,"Poczta Dąbrowa Górnicza 008 (Huta Katowice), ul. Piłsudskiego 92",Dąbrowa Górnicza,śląskie,Miasto Dąbrowa Górnicza na prawach powiatu
41310,"Poczta Dąbrowa Górnicza 010, ul. Legionów Polskich 23",Dąbrowa Górnicza,śląskie,Miasto Dąbrowa Górnicza na prawach powiatu
41400,Pl. Miroszewskich,Mysłowice,śląskie,Miasto Mysłowice na prawach powiatu
41400,Pl. Wolności,Mysłowice,śląskie,Miasto Mysłowice na prawach powiatu
41400,"Poczta Mysłowice 001, ul. Powstańców 11",Mysłowice,śląskie,Miasto Mysłowice na prawach powiatu
41400,"Skrytki Pocztowe Poczta Mysłowice 001, ul. Powstańców 11",Mysłowice,śląskie,Miasto Mysłowice na prawach powiatu
41400,ul. 10 Lutego,Mysłowice,śląskie,Miasto Mysłowice na prawach powiatu
41400,ul. 1000-Lecia Państwa Polskiego,Mysłowice,śląskie,Miasto Mysłowice na prawach powiatu
41400,"ul. 28 Stycznia od 30 do ostatniego, od 21 do ostatniego",Mysłowice,śląskie,Miasto Mysłowice na prawach powiatu
41400,"ul. Armii Krajowej od 20 do ostatniego, od 29 do ostatniego",Mysłowice,śląskie,Miasto Mysłowice na prawach powiatu
41400,ul. Astrów,Mysłowice,śląskie,Miasto Mysłowice na prawach powiatu
41400,ul. Barbary,Mysłowice,śląskie,Miasto Mysłowice na prawach powiatu
41400,ul. Batorego Stefana,Mysłowice,śląskie,Miasto Mysłowice na prawach powiatu
41400,"ul. Bohaterów Getta od 30 do ostatniego, od 27 do ostatniego",Mysłowice,śląskie,Miasto Mysłowice na prawach powiatu
41400,ul. Boliny,Mysłowice,śląskie,Miasto Mysłowice na prawach powiatu
41400,ul. Bratków,Mysłowice,śląskie,Miasto Mysłowice na prawach powiatu
41400,ul. Bytomska,Mysłowice,śląskie,Miasto Mysłowice na prawach powiatu
41400,ul. Cegielniana,Mysłowice,śląskie,Miasto Mysłowice na prawach powiatu
41400,ul. Dąbrowskiego Jarosława,Mysłowice,śląskie,Miasto Mysłowice na prawach powiatu
41400,ul. Fredry Aleksandra,Mysłowice,śląskie,Miasto Mysłowice na prawach powiatu
41400,ul. Frycza Modrzewskiego Andrzeja,Mysłowice,śląskie,Miasto Mysłowice na prawach powiatu
41400,ul. Górnicza,Mysłowice,śląskie,Miasto Mysłowice na prawach powiatu
41400,ul. Głowackiego Bartosza,Mysłowice,śląskie,Miasto Mysłowice na prawach powiatu
41400,ul. Gałczyńskiego Konstantego Ildefonsa,Mysłowice,śląskie,Miasto Mysłowice na prawach powiatu
41400,ul. Gojawiczyńskiej Poli,Mysłowice,śląskie,Miasto Mysłowice na prawach powiatu
41400,ul. Grunwaldzka,Mysłowice,śląskie,Miasto Mysłowice na prawach powiatu
41400,ul. Gwardii Ludowej,Mysłowice,śląskie,Miasto Mysłowice na prawach powiatu
41400,ul. Gwarków,Mysłowice,śląskie,Miasto Mysłowice na prawach powiatu
41400,ul. Harcerska,Mysłowice,śląskie,Miasto Mysłowice na prawach powiatu
41400,ul. Huta Amalii,Mysłowice,śląskie,Miasto Mysłowice na prawach powiatu
41400,ul. Huta Rozalii,Mysłowice,śląskie,Miasto Mysłowice na prawach powiatu
41400,ul. Irysów,Mysłowice,śląskie,Miasto Mysłowice na prawach powiatu
41400,ul. Jabłoniowa,Mysłowice,śląskie,Miasto Mysłowice na prawach powiatu
41400,ul. Jagiellońska,Mysłowice,śląskie,Miasto Mysłowice na prawach powiatu
41400,"ul. Janowska od 2 do 28, od 1 do 29",Mysłowice,śląskie,Miasto Mysłowice na prawach powiatu
41400,ul. Jasińskiego Pawła,Mysłowice,śląskie,Miasto Mysłowice na prawach powiatu
41400,ul. Jasienicy Pawła,Mysłowice,śląskie,Miasto Mysłowice na prawach powiatu
41400,ul. Jastruna Mieczysława,Mysłowice,śląskie,Miasto Mysłowice na prawach powiatu
41400,ul. Jodłowa,Mysłowice,śląskie,Miasto Mysłowice na prawach powiatu
41400,ul. Kacza,Mysłowice,śląskie,Miasto Mysłowice na prawach powiatu
41400,"ul. Katowicka od 2 do 22, od 46 do ostatniego, od 1 do 15, od 49 do ostatniego",Mysłowice,śląskie,Miasto Mysłowice na prawach powiatu
41400,ul. Kołłątaja Hugona,Mysłowice,śląskie,Miasto Mysłowice na prawach powiatu
41400,ul. Kościuszki Tadeusza,Mysłowice,śląskie,Miasto Mysłowice na prawach powiatu
41400,ul. Kolejowa,Mysłowice,śląskie,Miasto Mysłowice na prawach powiatu
41400,ul. Korczaka Janusza,Mysłowice,śląskie,Miasto Mysłowice na prawach powiatu
41400,ul. Kormoranów,Mysłowice,śląskie,Miasto Mysłowice na prawach powiatu
41400,ul. Krakowska,Mysłowice,śląskie,Miasto Mysłowice na prawach powiatu
41400,ul. Krokusów,Mysłowice,śląskie,Miasto Mysłowice na prawach powiatu
41400,ul. Księdza Bończyka Norberta,Mysłowice,śląskie,Miasto Mysłowice na prawach powiatu
41400,ul. Księdza Kani Józefa,Mysłowice,śląskie,Miasto Mysłowice na prawach powiatu
41400,ul. Kwiatowa od 2 do 4,Mysłowice,śląskie,Miasto Mysłowice na prawach powiatu
41400,ul. Leśmiana Bolesława,Mysłowice,śląskie,Miasto Mysłowice na prawach powiatu
41400,ul. Lompy Józefa,Mysłowice,śląskie,Miasto Mysłowice na prawach powiatu
41400,ul. Maków,Mysłowice,śląskie,Miasto Mysłowice na prawach powiatu
41400,ul. Matejki Jana,Mysłowice,śląskie,Miasto Mysłowice na prawach powiatu
41400,ul. Miarki Karola,Mysłowice,śląskie,Miasto Mysłowice na prawach powiatu
41400,ul. Mickiewicza Adama,Mysłowice,śląskie,Miasto Mysłowice na prawach powiatu
41400,ul. Mieszka I,Mysłowice,śląskie,Miasto Mysłowice na prawach powiatu
41400,"ul. Mikołowska od 2 do 40, od 46 do ostatniego, od 1 do ostatniego",Mysłowice,śląskie,Miasto Mysłowice na prawach powiatu
41400,"ul. Morcinka Gustawa od 4 do ostatniego, od 5 do ostatniego",Mysłowice,śląskie,Miasto Mysłowice na prawach powiatu
41400,ul. Nadbrzeżna,Mysłowice,śląskie,Miasto Mysłowice na prawach powiatu
41400,ul. Oświęcimska,Mysłowice,śląskie,Miasto Mysłowice na prawach powiatu
41400,ul. Obrzeżna Północna,Mysłowice,śląskie,Miasto Mysłowice na prawach powiatu
41400,ul. Obrzeżna Zachodnia,Mysłowice,śląskie,Miasto Mysłowice na prawach powiatu
41400,ul. Partyzantów,Mysłowice,śląskie,Miasto Mysłowice na prawach powiatu
41400,ul. Piastowska,Mysłowice,śląskie,Miasto Mysłowice na prawach powiatu
41400,ul. Portowa,Mysłowice,śląskie,Miasto Mysłowice na prawach powiatu
41400,ul. Powstańców,Mysłowice,śląskie,Miasto Mysłowice na prawach powiatu
41400,ul. Promenada,Mysłowice,śląskie,Miasto Mysłowice na prawach powiatu
41400,ul. Prusa Bolesława,Mysłowice,śląskie,Miasto Mysłowice na prawach powiatu
41400,ul. Przemszy,Mysłowice,śląskie,Miasto Mysłowice na prawach powiatu
41400,ul. Przerwy Tetmajera Kazimierza,Mysłowice,śląskie,Miasto Mysłowice na prawach powiatu
41400,ul. Przybosia Juliana,Mysłowice,śląskie,Miasto Mysłowice na prawach powiatu
41400,ul. Reymonta Władysława Stanisława,Mysłowice,śląskie,Miasto Mysłowice na prawach powiatu
41400,ul. Robotnicza,Mysłowice,śląskie,Miasto Mysłowice na prawach powiatu
41400,ul. Rolna,Mysłowice,śląskie,Miasto Mysłowice na prawach powiatu
41400,ul. Rudnickiego Lucjana,Mysłowice,śląskie,Miasto Mysłowice na prawach powiatu
41400,ul. Rynek,Mysłowice,śląskie,Miasto Mysłowice na prawach powiatu
41400,ul. Rzeczna,Mysłowice,śląskie,Miasto Mysłowice na prawach powiatu
41400,ul. Rzemieślnicza,Mysłowice,śląskie,Miasto Mysłowice na prawach powiatu
41400,ul. Słowackiego Juliusza,Mysłowice,śląskie,Miasto Mysłowice na prawach powiatu
41400,ul. Słupecka,Mysłowice,śląskie,Miasto Mysłowice na prawach powiatu
41400,ul. Skośna,Mysłowice,śląskie,Miasto Mysłowice na prawach powiatu
41400,ul. Sobieskiego Jana,Mysłowice,śląskie,Miasto Mysłowice na prawach powiatu
41400,ul. Sosnowiecka,Mysłowice,śląskie,Miasto Mysłowice na prawach powiatu
41400,ul. Stadionowa,Mysłowice,śląskie,Miasto Mysłowice na prawach powiatu
41400,ul. Staffa Leopolda,Mysłowice,śląskie,Miasto Mysłowice na prawach powiatu
41400,ul. Starokościelna,Mysłowice,śląskie,Miasto Mysłowice na prawach powiatu
41400,ul. Stawowa,Mysłowice,śląskie,Miasto Mysłowice na prawach powiatu
41400,ul. Stokrotek,Mysłowice,śląskie,Miasto Mysłowice na prawach powiatu
41400,ul. Strażacka,Mysłowice,śląskie,Miasto Mysłowice na prawach powiatu
41400,ul. Strumińskiego Olbrychta,Mysłowice,śląskie,Miasto Mysłowice na prawach powiatu
41400,ul. Sułkowskiego Jana,Mysłowice,śląskie,Miasto Mysłowice na prawach powiatu
41400,ul. Szabelnia,Mysłowice,śląskie,Miasto Mysłowice na prawach powiatu
41400,ul. Szpitalna,Mysłowice,śląskie,Miasto Mysłowice na prawach powiatu
41400,ul. Szymanowskiego Karola,Mysłowice,śląskie,Miasto Mysłowice na prawach powiatu
41400,ul. Towarowa,Mysłowice,śląskie,Miasto Mysłowice na prawach powiatu
41400,ul. Łączna,Mysłowice,śląskie,Miasto Mysłowice na prawach powiatu
41400,ul. Świerczyny,Mysłowice,śląskie,Miasto Mysłowice na prawach powiatu
41400,ul. Świerkowa,Mysłowice,śląskie,Miasto Mysłowice na prawach powiatu
41403,"Poczta Chełm Śląski, ul. Śląska 68",Chełm Śląski,śląskie,Powiat bieruńsko-lędziński
41404,"Poczta Mysłowice 004, ul. Chrzanowska 1",Mysłowice,śląskie,Miasto Mysłowice na prawach powiatu
41404,"Skrytki Pocztowe Poczta Mysłowice 004, ul. Chrzanowska 1",Mysłowice,śląskie,Miasto Mysłowice na prawach powiatu
41404,ul. Baczyńskiego Krzysztofa Kamila,Mysłowice,śląskie,Miasto Mysłowice na prawach powiatu
41404,ul. Boczna,Mysłowice,śląskie,Miasto Mysłowice na prawach powiatu
41404,ul. Brzezińska,Mysłowice,śląskie,Miasto Mysłowice na prawach powiatu
41404,ul. Brzozowa,Mysłowice,śląskie,Miasto Mysłowice na prawach powiatu
41404,ul. Chrzanowska,Mysłowice,śląskie,Miasto Mysłowice na prawach powiatu
41404,ul. Cicha,Mysłowice,śląskie,Miasto Mysłowice na prawach powiatu
41404,ul. Cmentarna,Mysłowice,śląskie,Miasto Mysłowice na prawach powiatu
41404,ul. Damrota Konstantego,Mysłowice,śląskie,Miasto Mysłowice na prawach powiatu
41404,ul. Dolna,Mysłowice,śląskie,Miasto Mysłowice na prawach powiatu
41404,ul. Dębowa,Mysłowice,śląskie,Miasto Mysłowice na prawach powiatu
41404,ul. Dworcowa,Mysłowice,śląskie,Miasto Mysłowice na prawach powiatu
41404,ul. Fabryczna,Mysłowice,śląskie,Miasto Mysłowice na prawach powiatu
41404,ul. Graniczna od 2 do 90,Mysłowice,śląskie,Miasto Mysłowice na prawach powiatu
41404,ul. Hetmańskiego Wojciecha,Mysłowice,śląskie,Miasto Mysłowice na prawach powiatu
41404,ul. Hiacyntów,Mysłowice,śląskie,Miasto Mysłowice na prawach powiatu
41404,ul. Hołuja Tadeusza,Mysłowice,śląskie,Miasto Mysłowice na prawach powiatu
41404,ul. Iwaszkiewicza Jarosława,Mysłowice,śląskie,Miasto Mysłowice na prawach powiatu
41404,ul. Jaśminowa,Mysłowice,śląskie,Miasto Mysłowice na prawach powiatu
41404,ul. Jagodowa,Mysłowice,śląskie,Miasto Mysłowice na prawach powiatu
41404,ul. Jaworowa,Mysłowice,śląskie,Miasto Mysłowice na prawach powiatu
41404,ul. Kasztanowa,Mysłowice,śląskie,Miasto Mysłowice na prawach powiatu
41404,ul. Kościelna,Mysłowice,śląskie,Miasto Mysłowice na prawach powiatu
41404,ul. Kochanowskiego Jana,Mysłowice,śląskie,Miasto Mysłowice na prawach powiatu
41404,ul. Konopnickiej Marii,Mysłowice,śląskie,Miasto Mysłowice na prawach powiatu
41404,ul. Kotarbińskiego Tadeusza,Mysłowice,śląskie,Miasto Mysłowice na prawach powiatu
41404,ul. Kownackiej Marii,Mysłowice,śląskie,Miasto Mysłowice na prawach powiatu
41404,ul. Krzywoń Anieli,Mysłowice,śląskie,Miasto Mysłowice na prawach powiatu
41404,ul. Księdza Kudery Jana,Mysłowice,śląskie,Miasto Mysłowice na prawach powiatu
41404,ul. Laryska,Mysłowice,śląskie,Miasto Mysłowice na prawach powiatu
41404,ul. Leśna,Mysłowice,śląskie,Miasto Mysłowice na prawach powiatu
41404,ul. Malinowa,Mysłowice,śląskie,Miasto Mysłowice na prawach powiatu
41404,ul. Niepodległości,Mysłowice,śląskie,Miasto Mysłowice na prawach powiatu
41404,ul. Nowochrzanowska,Mysłowice,śląskie,Miasto Mysłowice na prawach powiatu
41404,ul. Ofiar Września,Mysłowice,śląskie,Miasto Mysłowice na prawach powiatu
41404,ul. Orzeszkowej Elizy,Mysłowice,śląskie,Miasto Mysłowice na prawach powiatu
41404,ul. Piaskowa,Mysłowice,śląskie,Miasto Mysłowice na prawach powiatu
41404,ul. Pukowca Bronisława,Mysłowice,śląskie,Miasto Mysłowice na prawach powiatu
41404,ul. Różana,Mysłowice,śląskie,Miasto Mysłowice na prawach powiatu
41404,ul. Równoległa,Mysłowice,śląskie,Miasto Mysłowice na prawach powiatu
41404,ul. Reja Mikołaja,Mysłowice,śląskie,Miasto Mysłowice na prawach powiatu
41404,ul. Sienkiewicza Henryka,Mysłowice,śląskie,Miasto Mysłowice na prawach powiatu
41404,ul. Skałki,Mysłowice,śląskie,Miasto Mysłowice na prawach powiatu
41404,ul. Spokojna,Mysłowice,śląskie,Miasto Mysłowice na prawach powiatu
41404,ul. Starowiejska,Mysłowice,śląskie,Miasto Mysłowice na prawach powiatu
41404,ul. Szelburg Zarembiny Ewy,Mysłowice,śląskie,Miasto Mysłowice na prawach powiatu
41404,ul. Szkolna,Mysłowice,śląskie,Miasto Mysłowice na prawach powiatu
41404,ul. Topolowa,Mysłowice,śląskie,Miasto Mysłowice na prawach powiatu
41404,ul. Transportowców,Mysłowice,śląskie,Miasto Mysłowice na prawach powiatu
41406,"Poczta Mysłowice 006, ul. Chopina Fryderyka 26",Mysłowice,śląskie,Miasto Mysłowice na prawach powiatu
41406,"ul. 28 Stycznia od 2 do 28, od 1 do 19",Mysłowice,śląskie,Miasto Mysłowice na prawach powiatu
41406,"ul. Armii Krajowej od 2 do 18, od 1 do 27",Mysłowice,śląskie,Miasto Mysłowice na prawach powiatu
41406,"ul. Bohaterów Getta od 2 do 28, od 1 do 25",Mysłowice,śląskie,Miasto Mysłowice na prawach powiatu
41406,ul. Działkowa,Mysłowice,śląskie,Miasto Mysłowice na prawach powiatu
41406,ul. Fitelberga Grzegorza,Mysłowice,śląskie,Miasto Mysłowice na prawach powiatu
41406,"ul. Janowska od 30 do ostatniego, od 31 do ostatniego",Mysłowice,śląskie,Miasto Mysłowice na prawach powiatu
41406,"ul. Katowicka od 24 do 44, od 17 do 47",Mysłowice,śląskie,Miasto Mysłowice na prawach powiatu
41406,ul. Kilińskiego Jana,Mysłowice,śląskie,Miasto Mysłowice na prawach powiatu
41406,ul. Kraszewskiego Józefa,Mysłowice,śląskie,Miasto Mysłowice na prawach powiatu
41406,"ul. Kwiatowa od 6 do ostatniego, od 1 do ostatniego",Mysłowice,śląskie,Miasto Mysłowice na prawach powiatu
41406,ul. Mikołowska od 42 do 44,Mysłowice,śląskie,Miasto Mysłowice na prawach powiatu
41406,ul. Moniuszki Stanisława,Mysłowice,śląskie,Miasto Mysłowice na prawach powiatu
41406,"ul. Morcinka Gustawa od 2 do 2, od 1 do 3",Mysłowice,śląskie,Miasto Mysłowice na prawach powiatu
41406,ul. Nowowiejskiego Feliksa,Mysłowice,śląskie,Miasto Mysłowice na prawach powiatu
41406,ul. Okrzei Stefana,Mysłowice,śląskie,Miasto Mysłowice na prawach powiatu
41406,ul. Plater Emilii,Mysłowice,śląskie,Miasto Mysłowice na prawach powiatu
41406,ul. Różyckiego Ludomira,Mysłowice,śląskie,Miasto Mysłowice na prawach powiatu
41406,ul. Sowińskiego Józefa,Mysłowice,śląskie,Miasto Mysłowice na prawach powiatu
41406,ul. Stalmacha Pawła,Mysłowice,śląskie,Miasto Mysłowice na prawach powiatu
41406,ul. Staszica Stanisława,Mysłowice,śląskie,Miasto Mysłowice na prawach powiatu
41406,ul. Szopena Fryderyka,Mysłowice,śląskie,Miasto Mysłowice na prawach powiatu
41407,"Poczta Imielin, ul. Imielińska 83",Imielin,śląskie,Powiat bieruńsko-lędziński
41407,"Skrytki Pocztowe Poczta Imielin, ul. Imielińska 83",Imielin,śląskie,Powiat bieruńsko-lędziński
41408,Al. Spacerowa,Mysłowice,śląskie,Miasto Mysłowice na prawach powiatu
41408,"Poczta Mysłowice 008 (Wesoła), ul. Pocztowa 20",Mysłowice,śląskie,Miasto Mysłowice na prawach powiatu
41408,ul. 11 Listopada,Mysłowice,śląskie,Miasto Mysłowice na prawach powiatu
41408,ul. 3 Maja,Mysłowice,śląskie,Miasto Mysłowice na prawach powiatu
41408,ul. Asnyka Adama,Mysłowice,śląskie,Miasto Mysłowice na prawach powiatu
41408,ul. Dygasińskiego Adolfa,Mysłowice,śląskie,Miasto Mysłowice na prawach powiatu
41408,ul. Dzierżonia Jana,Mysłowice,śląskie,Miasto Mysłowice na prawach powiatu
41408,ul. Gościnna,Mysłowice,śląskie,Miasto Mysłowice na prawach powiatu
41408,"ul. Graniczna od 92 do ostatniego, od 1 do ostatniego",Mysłowice,śląskie,Miasto Mysłowice na prawach powiatu
41408,ul. Harcerzy Śląskich,Mysłowice,śląskie,Miasto Mysłowice na prawach powiatu
41408,ul. Jedności,Mysłowice,śląskie,Miasto Mysłowice na prawach powiatu
41408,ul. Kasprowicza Jana,Mysłowice,śląskie,Miasto Mysłowice na prawach powiatu
41408,"ul. Krasowska od 2 do 48, od 1 do 17",Mysłowice,śląskie,Miasto Mysłowice na prawach powiatu
41408,ul. Kręta,Mysłowice,śląskie,Miasto Mysłowice na prawach powiatu
41408,ul. Kryształowa,Mysłowice,śląskie,Miasto Mysłowice na prawach powiatu
41408,ul. Krzywa,Mysłowice,śląskie,Miasto Mysłowice na prawach powiatu
41408,ul. Makuszyńskiego Kornela,Mysłowice,śląskie,Miasto Mysłowice na prawach powiatu
41408,ul. Morgowska,Mysłowice,śląskie,Miasto Mysłowice na prawach powiatu
41408,ul. Murckowska,Mysłowice,śląskie,Miasto Mysłowice na prawach powiatu
41408,ul. Norwida Kamila Cypriana,Mysłowice,śląskie,Miasto Mysłowice na prawach powiatu
41408,ul. Obrońców Westerplatte,Mysłowice,śląskie,Miasto Mysłowice na prawach powiatu
41408,ul. Ogrodowa,Mysłowice,śląskie,Miasto Mysłowice na prawach powiatu
41408,ul. Osmańczyka Edmunda,Mysłowice,śląskie,Miasto Mysłowice na prawach powiatu
41408,ul. Piastów Śląskich,Mysłowice,śląskie,Miasto Mysłowice na prawach powiatu
41408,ul. Pocztowa,Mysłowice,śląskie,Miasto Mysłowice na prawach powiatu
41408,ul. Pogodna,Mysłowice,śląskie,Miasto Mysłowice na prawach powiatu
41408,ul. Roździeńskiego Walentego,Mysłowice,śląskie,Miasto Mysłowice na prawach powiatu
41408,ul. Słoneczna,Mysłowice,śląskie,Miasto Mysłowice na prawach powiatu
41408,ul. Sportowa,Mysłowice,śląskie,Miasto Mysłowice na prawach powiatu
41408,ul. Storczyków,Mysłowice,śląskie,Miasto Mysłowice na prawach powiatu
41409,ul. Akacjowa,Mysłowice,śląskie,Miasto Mysłowice na prawach powiatu
41409,ul. Batalionów Chłopskich,Mysłowice,śląskie,Miasto Mysłowice na prawach powiatu
41409,ul. Bema Józefa,Mysłowice,śląskie,Miasto Mysłowice na prawach powiatu
41409,ul. Białobrzeska,Mysłowice,śląskie,Miasto Mysłowice na prawach powiatu
41409,ul. Bożka Arki,Mysłowice,śląskie,Miasto Mysłowice na prawach powiatu
41409,ul. Broniewskiego Władysława,Mysłowice,śląskie,Miasto Mysłowice na prawach powiatu
41409,ul. Chromika Jerzego,Mysłowice,śląskie,Miasto Mysłowice na prawach powiatu
41409,ul. Długa,Mysłowice,śląskie,Miasto Mysłowice na prawach powiatu
41409,ul. Długosza Jana,Mysłowice,śląskie,Miasto Mysłowice na prawach powiatu
41409,ul. Dąbrówki,Mysłowice,śląskie,Miasto Mysłowice na prawach powiatu
41409,ul. Dzióbka Adama,Mysłowice,śląskie,Miasto Mysłowice na prawach powiatu
41409,ul. Fików Heleny i Józefa,Mysłowice,śląskie,Miasto Mysłowice na prawach powiatu
41409,ul. Gagarina Jurija,Mysłowice,śląskie,Miasto Mysłowice na prawach powiatu
41409,ul. Hutnicza,Mysłowice,śląskie,Miasto Mysłowice na prawach powiatu
41409,ul. Imielińska,Mysłowice,śląskie,Miasto Mysłowice na prawach powiatu
41409,ul. Jesionowa,Mysłowice,śląskie,Miasto Mysłowice na prawach powiatu
41409,ul. Kościelniaka Franciszka,Mysłowice,śląskie,Miasto Mysłowice na prawach powiatu
41409,ul. Kokota Józefa,Mysłowice,śląskie,Miasto Mysłowice na prawach powiatu
41409,ul. Kosztowska,Mysłowice,śląskie,Miasto Mysłowice na prawach powiatu
41409,"ul. Krasowska od 50 do ostatniego, od 19 do ostatniego",Mysłowice,śląskie,Miasto Mysłowice na prawach powiatu
